{"stats":{"minecraft:crafted":{"minecraft:acacia_planks":48},"minecraft:picked_up":{"delchoco:gysahl_green_seeds":6,"minecraft:iron_chestplate":3,"delchoco:gysahl_green":1,"minecraft:wheat":63,"minecraft:pumpkin":1,"minecraft:dandelion":3,"alexsmobs:acacia_blossom":1,"minecraft:acacia_log":15,"doggytalents:rice_grains":5,"enigmaticlegacy:enigmatic_amulet":1,"ars_nouveau:bombegranate_pod":3,"iceandfire:rotten_egg":1,"crockpot:unknown_seeds":2,"minecraft:dirt":37,"minecraft:wheat_seeds":172,"minecraft:hay_block":5,"minecraft:rose_bush":1,"minecraft:bread":9,"minecraft:poppy":2,"minecraft:melon_slice":5,"minecraft:acacia_sapling":7,"minecraft:mutton":2,"minecraft:oxeye_daisy":3,"minecraft:egg":2},"minecraft:custom":{"minecraft:time_since_rest":24425,"minecraft:waystone_activated":2,"enigmaticlegacy:play_time_with_seven_curses":0,"minecraft:sprint_one_cm":74675,"minecraft:damage_taken":542,"minecraft:walk_one_cm":100167,"minecraft:drop":4,"minecraft:damage_dealt":133,"enigmaticlegacy:play_time_without_seven_curses":24425,"minecraft:interact_with_crafting_table":1,"minecraft:talked_to_villager":1,"minecraft:swim_one_cm":5661,"minecraft:fly_one_cm":62705,"minecraft:open_chest":3,"minecraft:crouch_one_cm":588,"minecraft:play_time":24425,"minecraft:sneak_time":323,"minecraft:walk_under_water_one_cm":1819,"minecraft:jump":515,"minecraft:eat_cake_slice":1,"minecraft:walk_on_water_one_cm":2312,"minecraft:time_since_death":24425,"minecraft:total_world_time":24425,"minecraft:fall_one_cm":10422,"minecraft:horse_one_cm":105},"minecraft:used":{"minecraft:wheat_seeds":5,"minecraft:acacia_log":3,"minecraft:bread":8,"minecraft:iron_chestplate":1,"minecraft:dirt":37,"delchoco:gysahl_green":1,"ars_nouveau:bombegranate_pod":10},"minecraft:dropped":{"minecraft:iron_chestplate":2,"enigmaticlegacy:enigmatic_amulet":1,"enigmaticlegacy:cursed_ring":1},"minecraft:mined":{"minecraft:wheat":5,"ars_nouveau:bombegranate_pod":1,"minecraft:pumpkin":1,"minecraft:grass":31,"minecraft:acacia_log":17,"minecraft:melon":1,"minecraft:dirt":1,"minecraft:tall_grass":4}},"DataVersion":3465}