{"stats":{"minecraft:broken":{"minecraft:leather_boots":1,"minecraft:leather_leggings":1},"minecraft:crafted":{"minecraft:crafting_table":1,"minecraft:wooden_pickaxe":1,"minecraft:cooked_mutton":2,"minecraft:bread":21,"minecraft:air":0,"minecraft:stick":8,"minecraft:iron_ingot":2,"minecraft:stone_pickaxe":1,"minecraft:stone_sword":1,"delchoco:chocobo_drumstick_cooked":1,"minecraft:acacia_planks":48,"minecraft:torch":12},"minecraft:picked_up":{"minecraft:iron_chestplate":3,"delchoco:gysahl_green_seeds":9,"minecraft:crafting_table":2,"minecraft:wheat":79,"minecraft:leather_leggings":1,"alexsmobs:acacia_blossom":1,"doggytalents:rice_grains":9,"ars_nouveau:bombegranate_pod":3,"crockpot:unknown_seeds":16,"minecraft:dirt":45,"minecraft:leather_boots":1,"minecraft:cooked_mutton":1,"minecraft:item_frame":1,"minecraft:experience_bottle":1,"paraglider:deku_leaf":2,"minecraft:wheat_seeds":285,"minecraft:rose_bush":1,"minecraft:poppy":2,"biomesoplenty:wildflower":3,"minecraft:melon_slice":5,"minecraft:acacia_sapling":7,"minecraft:egg":2,"minecraft:raw_iron":35,"delchoco:gysahl_green":9,"delchoco:chocobo_feather":10,"minecraft:pumpkin":1,"minecraft:torch":1,"minecraft:acacia_log":15,"minecraft:dandelion":3,"enigmaticlegacy:enigmatic_amulet":1,"iceandfire:rotten_egg":1,"tombstone:grave_dust":2,"minecraft:arrow":1,"minecraft:hay_block":5,"delchoco:chocobo_drumstick_raw":1,"minecraft:pink_tulip":1,"minecraft:gold_ingot":2,"minecraft:saddle":1,"minecraft:bread":27,"minecraft:skeleton_skull":1,"minecraft:mutton":2,"minecraft:coal":34,"minecraft:cobblestone":15,"minecraft:oxeye_daisy":3},"minecraft:killed":{"minecraft:skeleton":1,"minecraft:zombie":1},"minecraft:custom":{"enigmaticlegacy:play_time_with_seven_curses":0,"minecraft:interact_with_furnace":9,"minecraft:mob_kills":3,"enigmaticlegacy:play_time_without_seven_curses":68013,"minecraft:interact_with_crafting_table":6,"minecraft:eat_cake_slice":3,"minecraft:leave_game":1,"minecraft:time_since_death":68013,"minecraft:sleep_in_bed":2,"minecraft:time_since_rest":11376,"minecraft:waystone_activated":2,"minecraft:sprint_one_cm":201960,"minecraft:damage_taken":1227,"minecraft:walk_one_cm":254290,"minecraft:drop":21,"minecraft:damage_dealt":710,"minecraft:damage_dealt_absorbed":40,"minecraft:swim_one_cm":5661,"minecraft:talked_to_villager":2,"minecraft:fly_one_cm":213879,"minecraft:open_chest":8,"minecraft:crouch_one_cm":2194,"minecraft:play_time":68013,"tombstone:undead_killed":2,"minecraft:sneak_time":873,"minecraft:walk_under_water_one_cm":2160,"minecraft:jump":1326,"minecraft:walk_on_water_one_cm":2924,"minecraft:total_world_time":68013,"minecraft:fall_one_cm":34617,"minecraft:horse_one_cm":105},"minecraft:used":{"minecraft:wheat_seeds":5,"minecraft:stone_sword":36,"minecraft:acacia_log":3,"minecraft:stone_pickaxe":103,"minecraft:wooden_pickaxe":3,"minecraft:iron_chestplate":1,"minecraft:torch":6,"minecraft:dirt":37,"minecraft:crafting_table":2,"ars_nouveau:bombegranate_pod":10,"minecraft:bread":24,"minecraft:item_frame":1,"delchoco:gysahl_green":1,"minecraft:experience_bottle":1},"minecraft:dropped":{"minecraft:wheat_seeds":88,"minecraft:cobblestone":4,"crockpot:unknown_seeds":13,"paraglider:deku_leaf":2,"enigmaticlegacy:cursed_ring":1,"delchoco:gysahl_green_seeds":1,"minecraft:iron_chestplate":2,"artifacts:eternal_steak":1,"doggytalents:rice_grains":7,"enigmaticlegacy:enigmatic_amulet":1,"minecraft:gold_ingot":1},"minecraft:mined":{"delchoco:gysahl_green":2,"biomesoplenty:desert_grass":3,"minecraft:crafting_table":2,"minecraft:torch":1,"minecraft:acacia_log":17,"minecraft:grass_block":4,"minecraft:melon":1,"minecraft:tall_grass":5,"biomesoplenty:sprout":2,"minecraft:skeleton_skull":1,"minecraft:iron_ore":36,"minecraft:wheat":5,"ars_nouveau:bombegranate_pod":1,"minecraft:pumpkin":1,"minecraft:grass":74,"minecraft:coal_ore":34,"minecraft:dirt_path":1,"minecraft:dirt":4,"minecraft:stone":34,"minecraft:fern":2}},"DataVersion":3465}