{"stats":{"minecraft:broken":{"minecraft:stone_pickaxe":1,"minecraft:leather_boots":1,"minecraft:leather_leggings":1},"minecraft:crafted":{"minecraft:crafting_table":1,"minecraft:wooden_pickaxe":1,"minecraft:iron_helmet":1,"minecraft:furnace":1,"minecraft:bread":41,"minecraft:cooked_mutton":2,"minecraft:air":0,"minecraft:iron_boots":1,"minecraft:shield":1,"minecraft:stick":12,"minecraft:iron_ingot":30,"minecraft:stone_pickaxe":1,"minecraft:stone_sword":1,"minecraft:iron_leggings":1,"delchoco:chocobo_drumstick_cooked":1,"minecraft:acacia_planks":48,"minecraft:torch":12,"minecraft:wheat":45},"minecraft:picked_up":{"minecraft:crafting_table":2,"delchoco:gysahl_green_seeds":9,"minecraft:iron_chestplate":3,"minecraft:wheat":81,"minecraft:leather_leggings":1,"alexsmobs:acacia_blossom":1,"doggytalents:rice_grains":9,"ars_nouveau:bombegranate_pod":3,"crockpot:unknown_seeds":16,"minecraft:dirt":61,"minecraft:bone":2,"minecraft:leather_boots":1,"minecraft:cooked_mutton":1,"minecraft:item_frame":1,"minecraft:experience_bottle":1,"paraglider:deku_leaf":2,"minecraft:wheat_seeds":285,"minecraft:rose_bush":1,"minecraft:poppy":2,"biomesoplenty:wildflower":3,"minecraft:melon_slice":5,"minecraft:acacia_sapling":7,"minecraft:egg":2,"minecraft:raw_iron":71,"delchoco:gysahl_green":9,"delchoco:chocobo_feather":10,"minecraft:pumpkin":1,"minecraft:torch":2,"minecraft:acacia_log":16,"minecraft:dandelion":3,"enigmaticlegacy:enigmatic_amulet":1,"iceandfire:rotten_egg":1,"tombstone:grave_dust":2,"minecraft:bundle":1,"minecraft:arrow":3,"minecraft:hay_block":5,"delchoco:chocobo_drumstick_raw":1,"minecraft:pink_tulip":1,"minecraft:bread":27,"minecraft:saddle":1,"minecraft:gold_ingot":2,"minecraft:mutton":2,"minecraft:skeleton_skull":1,"minecraft:coal":34,"minecraft:cobblestone":25,"minecraft:oxeye_daisy":3},"minecraft:killed":{"minecraft:skeleton":3,"minecraft:zombie":3,"creeperoverhaul:savannah_creeper":1},"minecraft:custom":{"enigmaticlegacy:play_time_with_seven_curses":0,"minecraft:interact_with_furnace":24,"minecraft:mob_kills":8,"enigmaticlegacy:play_time_without_seven_curses":80034,"minecraft:interact_with_crafting_table":15,"minecraft:eat_cake_slice":3,"minecraft:leave_game":2,"minecraft:time_since_death":80034,"minecraft:sleep_in_bed":2,"minecraft:time_since_rest":23397,"minecraft:waystone_activated":2,"minecraft:sprint_one_cm":222997,"minecraft:damage_taken":1547,"minecraft:walk_one_cm":298314,"minecraft:drop":25,"minecraft:damage_dealt":1665,"minecraft:damage_dealt_absorbed":40,"minecraft:swim_one_cm":5661,"minecraft:talked_to_villager":2,"minecraft:fly_one_cm":221484,"minecraft:open_chest":8,"minecraft:crouch_one_cm":3817,"minecraft:play_time":80034,"tombstone:undead_killed":6,"minecraft:sneak_time":1181,"minecraft:walk_under_water_one_cm":2160,"minecraft:jump":1443,"minecraft:walk_on_water_one_cm":2924,"minecraft:total_world_time":80034,"minecraft:fall_one_cm":36309,"minecraft:horse_one_cm":105},"minecraft:used":{"minecraft:wheat_seeds":5,"minecraft:stone_sword":60,"minecraft:acacia_log":3,"minecraft:stone_pickaxe":133,"minecraft:wooden_pickaxe":3,"minecraft:iron_chestplate":1,"minecraft:torch":8,"minecraft:dirt":37,"minecraft:crafting_table":3,"ars_nouveau:bombegranate_pod":10,"minecraft:bread":32,"minecraft:item_frame":1,"minecraft:cobblestone":8,"delchoco:gysahl_green":1,"minecraft:furnace":1,"minecraft:iron_leggings":1,"minecraft:experience_bottle":1},"minecraft:dropped":{"minecraft:wheat_seeds":88,"minecraft:wheat":2,"minecraft:cobblestone":4,"crockpot:unknown_seeds":13,"paraglider:deku_leaf":2,"enigmaticlegacy:cursed_ring":1,"minecraft:dirt":16,"delchoco:gysahl_green_seeds":1,"minecraft:iron_chestplate":2,"artifacts:eternal_steak":1,"doggytalents:rice_grains":7,"enigmaticlegacy:enigmatic_amulet":1,"minecraft:gold_ingot":1},"minecraft:mined":{"delchoco:gysahl_green":2,"biomesoplenty:desert_grass":3,"minecraft:crafting_table":2,"minecraft:torch":2,"minecraft:acacia_log":17,"minecraft:grass_block":4,"minecraft:melon":1,"minecraft:tall_grass":5,"biomesoplenty:sprout":2,"minecraft:skeleton_skull":1,"minecraft:iron_ore":56,"minecraft:wheat":5,"ars_nouveau:bombegranate_pod":1,"minecraft:pumpkin":1,"minecraft:grass":74,"minecraft:coal_ore":34,"minecraft:dirt_path":1,"minecraft:dirt":4,"minecraft:stone":44,"minecraft:fern":2}},"DataVersion":3465}