{"stats":{"minecraft:crafted":{"minecraft:crafting_table":1,"minecraft:wooden_pickaxe":1,"minecraft:bread":21,"minecraft:stick":8,"minecraft:stone_pickaxe":1,"minecraft:stone_sword":1,"minecraft:acacia_planks":48},"minecraft:picked_up":{"minecraft:iron_chestplate":3,"delchoco:gysahl_green_seeds":8,"minecraft:crafting_table":2,"minecraft:wheat":63,"alexsmobs:acacia_blossom":1,"doggytalents:rice_grains":6,"ars_nouveau:bombegranate_pod":3,"crockpot:unknown_seeds":3,"minecraft:dirt":43,"minecraft:cooked_mutton":1,"minecraft:item_frame":1,"minecraft:wheat_seeds":172,"minecraft:rose_bush":1,"minecraft:poppy":2,"minecraft:melon_slice":5,"minecraft:acacia_sapling":7,"minecraft:egg":2,"minecraft:raw_iron":2,"delchoco:gysahl_green":5,"delchoco:chocobo_feather":10,"minecraft:pumpkin":1,"minecraft:acacia_log":15,"minecraft:dandelion":3,"enigmaticlegacy:enigmatic_amulet":1,"iceandfire:rotten_egg":1,"minecraft:hay_block":5,"delchoco:chocobo_drumstick_raw":1,"minecraft:saddle":1,"minecraft:bread":27,"minecraft:mutton":2,"minecraft:coal":7,"minecraft:cobblestone":5,"minecraft:oxeye_daisy":3},"minecraft:custom":{"enigmaticlegacy:play_time_with_seven_curses":0,"minecraft:mob_kills":1,"enigmaticlegacy:play_time_without_seven_curses":36425,"minecraft:interact_with_crafting_table":6,"minecraft:eat_cake_slice":3,"minecraft:time_since_death":36425,"minecraft:sleep_in_bed":1,"minecraft:time_since_rest":2131,"minecraft:waystone_activated":2,"minecraft:sprint_one_cm":141235,"minecraft:damage_taken":835,"minecraft:walk_one_cm":153252,"minecraft:drop":4,"minecraft:damage_dealt":133,"minecraft:swim_one_cm":5661,"minecraft:talked_to_villager":2,"minecraft:fly_one_cm":137579,"minecraft:open_chest":3,"minecraft:crouch_one_cm":991,"minecraft:play_time":36425,"minecraft:sneak_time":382,"minecraft:walk_under_water_one_cm":1819,"minecraft:jump":849,"minecraft:walk_on_water_one_cm":2312,"minecraft:total_world_time":36425,"minecraft:fall_one_cm":24108,"minecraft:horse_one_cm":105},"minecraft:used":{"minecraft:wheat_seeds":5,"minecraft:acacia_log":3,"minecraft:stone_pickaxe":13,"minecraft:wooden_pickaxe":3,"minecraft:iron_chestplate":1,"minecraft:dirt":37,"minecraft:crafting_table":2,"ars_nouveau:bombegranate_pod":10,"minecraft:bread":15,"minecraft:item_frame":1,"delchoco:gysahl_green":1},"minecraft:dropped":{"enigmaticlegacy:cursed_ring":1,"minecraft:iron_chestplate":2,"enigmaticlegacy:enigmatic_amulet":1},"minecraft:mined":{"delchoco:gysahl_green":1,"biomesoplenty:desert_grass":1,"minecraft:crafting_table":2,"minecraft:acacia_log":17,"minecraft:grass_block":3,"minecraft:melon":1,"minecraft:tall_grass":4,"biomesoplenty:sprout":2,"minecraft:iron_ore":2,"minecraft:wheat":5,"ars_nouveau:bombegranate_pod":1,"minecraft:pumpkin":1,"minecraft:grass":38,"minecraft:coal_ore":7,"minecraft:dirt":4,"minecraft:stone":7,"minecraft:fern":2}},"DataVersion":3465}