{"stats":{"minecraft:picked_up":{"delchoco:gysahl_green_seeds":1,"minecraft:pumpkin":1,"minecraft:wheat_seeds":4,"alexsmobs:acacia_blossom":1,"minecraft:acacia_log":15,"doggytalents:rice_grains":2,"enigmaticlegacy:enigmatic_amulet":1,"ars_nouveau:bombegranate_pod":3,"minecraft:rose_bush":1,"iceandfire:rotten_egg":1,"minecraft:bread":4,"minecraft:mutton":2,"crockpot:unknown_seeds":1,"minecraft:acacia_sapling":7,"minecraft:dirt":16,"minecraft:egg":2},"minecraft:custom":{"minecraft:time_since_rest":12425,"enigmaticlegacy:play_time_with_seven_curses":0,"minecraft:crouch_one_cm":371,"minecraft:play_time":12425,"minecraft:sprint_one_cm":30720,"minecraft:damage_taken":340,"minecraft:walk_one_cm":33590,"minecraft:sneak_time":230,"minecraft:walk_under_water_one_cm":1819,"minecraft:drop":2,"minecraft:jump":280,"minecraft:damage_dealt":70,"minecraft:time_since_death":12425,"minecraft:walk_on_water_one_cm":2111,"enigmaticlegacy:play_time_without_seven_curses":12425,"minecraft:total_world_time":12425,"minecraft:swim_one_cm":5661,"minecraft:fall_one_cm":5056,"minecraft:fly_one_cm":32202,"minecraft:horse_one_cm":105},"minecraft:used":{"minecraft:acacia_log":3,"minecraft:bread":3,"ars_nouveau:bombegranate_pod":10},"minecraft:dropped":{"enigmaticlegacy:enigmatic_amulet":1,"enigmaticlegacy:cursed_ring":1},"minecraft:mined":{"minecraft:grass":21,"minecraft:acacia_log":17,"minecraft:tall_grass":3,"ars_nouveau:bombegranate_pod":1,"minecraft:pumpkin":1}},"DataVersion":3465}