{"stats":{"minecraft:broken":{"minecraft:leather_boots":1,"minecraft:leather_leggings":1},"minecraft:crafted":{"minecraft:crafting_table":1,"minecraft:wooden_pickaxe":1,"minecraft:cooked_mutton":2,"minecraft:bread":21,"minecraft:air":0,"minecraft:stick":8,"minecraft:iron_ingot":2,"minecraft:stone_pickaxe":1,"minecraft:stone_sword":1,"delchoco:chocobo_drumstick_cooked":1,"minecraft:acacia_planks":48,"minecraft:torch":12},"minecraft:picked_up":{"minecraft:iron_chestplate":3,"delchoco:gysahl_green_seeds":9,"minecraft:crafting_table":2,"minecraft:wheat":79,"minecraft:leather_leggings":1,"alexsmobs:acacia_blossom":1,"doggytalents:rice_grains":6,"ars_nouveau:bombegranate_pod":3,"crockpot:unknown_seeds":8,"minecraft:dirt":45,"minecraft:leather_boots":1,"minecraft:cooked_mutton":1,"minecraft:item_frame":1,"minecraft:experience_bottle":1,"paraglider:deku_leaf":2,"minecraft:wheat_seeds":220,"minecraft:rose_bush":1,"minecraft:poppy":2,"biomesoplenty:wildflower":3,"minecraft:melon_slice":5,"minecraft:acacia_sapling":7,"minecraft:egg":2,"minecraft:raw_iron":2,"delchoco:gysahl_green":9,"delchoco:chocobo_feather":10,"minecraft:pumpkin":1,"minecraft:acacia_log":15,"minecraft:dandelion":3,"enigmaticlegacy:enigmatic_amulet":1,"iceandfire:rotten_egg":1,"tombstone:grave_dust":2,"minecraft:hay_block":5,"delchoco:chocobo_drumstick_raw":1,"minecraft:pink_tulip":1,"minecraft:gold_ingot":2,"minecraft:saddle":1,"minecraft:bread":27,"minecraft:skeleton_skull":1,"minecraft:mutton":2,"minecraft:coal":7,"minecraft:cobblestone":5,"minecraft:oxeye_daisy":3},"minecraft:killed":{"minecraft:zombie":1},"minecraft:custom":{"enigmaticlegacy:play_time_with_seven_curses":0,"minecraft:interact_with_furnace":9,"minecraft:mob_kills":2,"enigmaticlegacy:play_time_without_seven_curses":54425,"minecraft:interact_with_crafting_table":6,"minecraft:eat_cake_slice":3,"minecraft:time_since_death":54425,"minecraft:sleep_in_bed":1,"minecraft:time_since_rest":20131,"minecraft:waystone_activated":2,"minecraft:sprint_one_cm":186244,"minecraft:damage_taken":1033,"minecraft:walk_one_cm":225178,"minecraft:drop":12,"minecraft:damage_dealt":511,"minecraft:damage_dealt_absorbed":40,"minecraft:swim_one_cm":5661,"minecraft:talked_to_villager":2,"minecraft:fly_one_cm":205191,"minecraft:open_chest":8,"minecraft:crouch_one_cm":1882,"minecraft:play_time":54425,"tombstone:undead_killed":1,"minecraft:sneak_time":691,"minecraft:walk_under_water_one_cm":2160,"minecraft:jump":1181,"minecraft:walk_on_water_one_cm":2924,"minecraft:total_world_time":54425,"minecraft:fall_one_cm":32823,"minecraft:horse_one_cm":105},"minecraft:used":{"minecraft:wheat_seeds":5,"minecraft:stone_sword":21,"minecraft:acacia_log":3,"minecraft:stone_pickaxe":13,"minecraft:wooden_pickaxe":3,"minecraft:iron_chestplate":1,"minecraft:torch":2,"minecraft:dirt":37,"minecraft:crafting_table":2,"ars_nouveau:bombegranate_pod":10,"minecraft:bread":20,"minecraft:item_frame":1,"delchoco:gysahl_green":1,"minecraft:experience_bottle":1},"minecraft:dropped":{"minecraft:wheat_seeds":23,"crockpot:unknown_seeds":3,"paraglider:deku_leaf":2,"enigmaticlegacy:cursed_ring":1,"delchoco:gysahl_green_seeds":1,"minecraft:iron_chestplate":2,"artifacts:eternal_steak":1,"enigmaticlegacy:enigmatic_amulet":1,"minecraft:gold_ingot":1},"minecraft:mined":{"delchoco:gysahl_green":2,"biomesoplenty:desert_grass":3,"minecraft:crafting_table":2,"minecraft:acacia_log":17,"minecraft:grass_block":4,"minecraft:melon":1,"minecraft:tall_grass":5,"biomesoplenty:sprout":2,"minecraft:skeleton_skull":1,"minecraft:iron_ore":2,"minecraft:wheat":5,"ars_nouveau:bombegranate_pod":1,"minecraft:pumpkin":1,"minecraft:grass":65,"minecraft:coal_ore":7,"minecraft:dirt_path":1,"minecraft:dirt":4,"minecraft:stone":7,"minecraft:fern":2}},"DataVersion":3465}