{"stats":{"minecraft:picked_up":{"delchoco:gysahl_green_seeds":17,"minecraft:iron_chestplate":1,"minecraft:wheat":148,"artifacts:eternal_steak":3,"doggytalents:rice_grains":3,"ars_nouveau:bombegranate_pod":3,"crockpot:unknown_seeds":2,"minecraft:dirt":3,"minecraft:item_frame":1,"minecraft:wheat_seeds":419,"minecraft:poppy":1,"minecraft:rabbit":1,"minecraft:melon_slice":37,"minecraft:acacia_sapling":3,"minecraft:scaffolding":1,"delchoco:gysahl_green":42,"minecraft:pumpkin":1,"delchoco:lovely_gysahl_green":1,"minecraft:acacia_log":11,"minecraft:dark_oak_planks":1,"minecraft:iron_helmet":2,"minecraft:pink_tulip":1,"minecraft:melon_seeds":1,"minecraft:white_wool":1},"minecraft:crafted":{"artifacts:eternal_steak":1,"minecraft:crafting_table":1,"minecraft:bread":13,"minecraft:cooked_mutton":1,"minecraft:air":0,"minecraft:acacia_planks":40},"minecraft:killed":{"minecraft:sheep":1},"minecraft:custom":{"minecraft:interact_with_furnace":5,"enigmaticlegacy:play_time_with_seven_curses":0,"minecraft:mob_kills":1,"enigmaticlegacy:play_time_without_seven_curses":54329,"minecraft:interact_with_crafting_table":9,"minecraft:eat_cake_slice":1,"minecraft:interact_with_grindstone":2,"minecraft:time_since_death":54329,"minecraft:sleep_in_bed":1,"minecraft:climb_one_cm":237,"minecraft:time_since_rest":20131,"minecraft:waystone_activated":1,"minecraft:sprint_one_cm":158008,"minecraft:damage_taken":769,"minecraft:walk_one_cm":245781,"minecraft:drop":19,"minecraft:damage_dealt":92,"minecraft:talked_to_villager":2,"minecraft:swim_one_cm":15767,"minecraft:fly_one_cm":182177,"minecraft:open_chest":21,"minecraft:crouch_one_cm":4744,"minecraft:play_time":54329,"minecraft:sneak_time":1452,"minecraft:walk_under_water_one_cm":7024,"minecraft:jump":1298,"minecraft:walk_on_water_one_cm":7547,"minecraft:total_world_time":54329,"minecraft:interact_with_smoker":2,"minecraft:fall_one_cm":39534},"minecraft:used":{"minecraft:wheat_seeds":20,"farmersdelight:iron_knife":2,"artifacts:eternal_steak":4,"minecraft:dirt":3,"minecraft:crafting_table":1,"crockpot:unknown_seeds":2,"ars_nouveau:bombegranate_pod":10,"minecraft:bread":6,"minecraft:melon_slice":1,"delchoco:gysahl_green":4,"delchoco:gysahl_green_seeds":1,"minecraft:bucket":1,"minecraft:acacia_planks":2},"minecraft:dropped":{"minecraft:bread":5,"minecraft:wheat_seeds":256,"patchouli:guide_book":1,"enigmaticlegacy:cursed_ring":1,"minecraft:poppy":1,"minecraft:acacia_sapling":3,"artifacts:eternal_steak":1,"doggytalents:rice_grains":2,"minecraft:pink_tulip":1},"minecraft:mined":{"minecraft:dark_oak_planks":1,"minecraft:scaffolding":1,"delchoco:gysahl_green":1,"minecraft:acacia_log":9,"minecraft:grass_block":2,"minecraft:poppy":1,"minecraft:melon":7,"minecraft:rose_bush":1,"minecraft:tall_grass":2,"minecraft:wheat":23,"ars_nouveau:bombegranate_pod":1,"minecraft:pumpkin":1,"minecraft:grass":11,"minecraft:dirt":1,"minecraft:pink_tulip":1,"minecraft:oak_leaves":1}},"DataVersion":3465}