{"stats":{"minecraft:crafted":{"minecraft:acacia_planks":40},"minecraft:picked_up":{"delchoco:gysahl_green_seeds":2,"delchoco:gysahl_green":3,"minecraft:pumpkin":1,"minecraft:acacia_log":11,"doggytalents:rice_grains":2,"ars_nouveau:bombegranate_pod":3,"crockpot:unknown_seeds":2,"minecraft:acacia_sapling":3,"minecraft:white_wool":1},"minecraft:killed":{"minecraft:sheep":1},"minecraft:custom":{"minecraft:time_since_rest":12329,"enigmaticlegacy:play_time_with_seven_curses":0,"minecraft:crouch_one_cm":741,"minecraft:play_time":12329,"minecraft:sprint_one_cm":25089,"minecraft:damage_taken":260,"minecraft:walk_one_cm":45167,"minecraft:sneak_time":317,"minecraft:walk_under_water_one_cm":1926,"minecraft:mob_kills":1,"minecraft:drop":6,"minecraft:jump":270,"minecraft:damage_dealt":60,"minecraft:time_since_death":12329,"minecraft:walk_on_water_one_cm":901,"enigmaticlegacy:play_time_without_seven_curses":12329,"minecraft:total_world_time":12329,"minecraft:swim_one_cm":6453,"minecraft:fall_one_cm":5399,"minecraft:fly_one_cm":28014},"minecraft:used":{"delchoco:gysahl_green":1,"delchoco:gysahl_green_seeds":1,"ars_nouveau:bombegranate_pod":10},"minecraft:dropped":{"doggytalents:rice_grains":2,"minecraft:acacia_sapling":3,"enigmaticlegacy:cursed_ring":1},"minecraft:mined":{"minecraft:grass":4,"minecraft:acacia_log":9,"delchoco:gysahl_green":1,"ars_nouveau:bombegranate_pod":1,"minecraft:pumpkin":1}},"DataVersion":3465}