{"stats":{"minecraft:crafted":{"minecraft:crafting_table":1,"minecraft:acacia_planks":40,"artifacts:eternal_steak":1,"minecraft:air":0,"minecraft:cooked_mutton":1,"minecraft:bread":13},"minecraft:picked_up":{"minecraft:scaffolding":1,"delchoco:gysahl_green_seeds":16,"minecraft:iron_chestplate":1,"delchoco:gysahl_green":42,"minecraft:wheat":147,"artifacts:eternal_steak":2,"minecraft:pumpkin":1,"delchoco:lovely_gysahl_green":1,"minecraft:acacia_log":11,"doggytalents:rice_grains":3,"ars_nouveau:bombegranate_pod":3,"crockpot:unknown_seeds":2,"minecraft:dirt":3,"minecraft:wheat_seeds":410,"minecraft:iron_helmet":2,"minecraft:poppy":1,"minecraft:melon_slice":37,"minecraft:melon_seeds":1,"minecraft:acacia_sapling":3,"minecraft:white_wool":1},"minecraft:killed":{"minecraft:sheep":1},"minecraft:custom":{"minecraft:time_since_rest":2131,"enigmaticlegacy:play_time_with_seven_curses":0,"minecraft:sprint_one_cm":111703,"minecraft:damage_taken":661,"minecraft:walk_one_cm":179818,"minecraft:mob_kills":1,"minecraft:drop":17,"minecraft:damage_dealt":92,"enigmaticlegacy:play_time_without_seven_curses":36329,"minecraft:interact_with_crafting_table":8,"minecraft:swim_one_cm":6453,"minecraft:talked_to_villager":1,"minecraft:fly_one_cm":113174,"minecraft:open_chest":7,"minecraft:crouch_one_cm":1183,"minecraft:play_time":36329,"minecraft:sneak_time":454,"minecraft:walk_under_water_one_cm":2188,"minecraft:jump":859,"minecraft:eat_cake_slice":1,"minecraft:walk_on_water_one_cm":1713,"minecraft:time_since_death":36329,"minecraft:sleep_in_bed":1,"minecraft:interact_with_smoker":2,"minecraft:total_world_time":36329,"minecraft:fall_one_cm":24379,"minecraft:interact_with_furnace":3,"minecraft:waystone_activated":1},"minecraft:used":{"minecraft:wheat_seeds":20,"minecraft:melon_slice":1,"minecraft:bread":6,"artifacts:eternal_steak":2,"delchoco:gysahl_green":4,"delchoco:gysahl_green_seeds":1,"minecraft:crafting_table":1,"crockpot:unknown_seeds":2,"farmersdelight:iron_knife":1,"ars_nouveau:bombegranate_pod":10},"minecraft:dropped":{"minecraft:bread":5,"minecraft:wheat_seeds":256,"minecraft:acacia_sapling":3,"artifacts:eternal_steak":1,"doggytalents:rice_grains":2,"enigmaticlegacy:cursed_ring":1,"minecraft:poppy":1},"minecraft:mined":{"minecraft:scaffolding":1,"delchoco:gysahl_green":1,"minecraft:wheat":23,"ars_nouveau:bombegranate_pod":1,"minecraft:pumpkin":1,"minecraft:grass":7,"minecraft:acacia_log":9,"minecraft:grass_block":2,"minecraft:poppy":1,"minecraft:melon":7,"minecraft:rose_bush":1,"minecraft:dirt":1,"minecraft:tall_grass":2,"minecraft:oak_leaves":1}},"DataVersion":3465}