{"stats":{"minecraft:crafted":{"minecraft:crafting_table":1,"minecraft:acacia_planks":40,"minecraft:bread":13},"minecraft:picked_up":{"minecraft:scaffolding":1,"delchoco:gysahl_green_seeds":7,"minecraft:iron_chestplate":1,"delchoco:gysahl_green":9,"minecraft:wheat":87,"minecraft:pumpkin":1,"minecraft:acacia_log":11,"doggytalents:rice_grains":3,"ars_nouveau:bombegranate_pod":3,"crockpot:unknown_seeds":2,"minecraft:wheat_seeds":241,"minecraft:iron_helmet":2,"minecraft:poppy":1,"minecraft:melon_slice":37,"minecraft:melon_seeds":1,"minecraft:acacia_sapling":3,"minecraft:white_wool":1},"minecraft:killed":{"minecraft:sheep":1},"minecraft:custom":{"minecraft:time_since_rest":24329,"enigmaticlegacy:play_time_with_seven_curses":0,"minecraft:sprint_one_cm":55385,"minecraft:damage_taken":383,"minecraft:walk_one_cm":115310,"minecraft:mob_kills":1,"minecraft:drop":12,"minecraft:damage_dealt":92,"enigmaticlegacy:play_time_without_seven_curses":24329,"minecraft:interact_with_crafting_table":8,"minecraft:swim_one_cm":6453,"minecraft:talked_to_villager":1,"minecraft:fly_one_cm":51294,"minecraft:open_chest":1,"minecraft:crouch_one_cm":1049,"minecraft:play_time":24329,"minecraft:sneak_time":401,"minecraft:walk_under_water_one_cm":2188,"minecraft:jump":539,"minecraft:eat_cake_slice":1,"minecraft:walk_on_water_one_cm":1644,"minecraft:time_since_death":24329,"minecraft:total_world_time":24329,"minecraft:fall_one_cm":11730,"minecraft:interact_with_furnace":3,"minecraft:waystone_activated":1},"minecraft:used":{"minecraft:wheat_seeds":20,"minecraft:bread":5,"delchoco:gysahl_green":3,"delchoco:gysahl_green_seeds":1,"minecraft:crafting_table":1,"crockpot:unknown_seeds":1,"ars_nouveau:bombegranate_pod":10},"minecraft:dropped":{"minecraft:bread":5,"minecraft:acacia_sapling":3,"doggytalents:rice_grains":2,"enigmaticlegacy:cursed_ring":1,"minecraft:poppy":1},"minecraft:mined":{"minecraft:scaffolding":1,"delchoco:gysahl_green":1,"minecraft:wheat":23,"ars_nouveau:bombegranate_pod":1,"minecraft:pumpkin":1,"minecraft:grass":6,"minecraft:acacia_log":9,"minecraft:poppy":1,"minecraft:melon":7,"minecraft:tall_grass":1}},"DataVersion":3465}