{"stats":{"minecraft:crafted":{"minecraft:wooden_hoe":1,"minecraft:crafting_table":3,"minecraft:stick":8,"minecraft:wooden_pickaxe":2,"minecraft:stone_pickaxe":1,"minecraft:wooden_axe":1,"minecraft:stone_sword":1,"minecraft:chest":3,"minecraft:furnace":1,"minecraft:acacia_planks":116,"minecraft:torch":8},"minecraft:picked_up":{"minecraft:stick":7,"delchoco:gysahl_green_seeds":13,"minecraft:crafting_table":3,"delchoco:gysahl_green":4,"alexsmobs:acacia_blossom":2,"minecraft:acacia_log":29,"doggytalents:rice_grains":11,"minecraft:string":2,"crockpot:unknown_seeds":17,"minecraft:dirt":20,"minecraft:rotten_flesh":1,"enigmaticlegacy:cursed_ring":1,"minecraft:cobbled_deepslate":5,"dawnoftimebuilder:maize":1,"minecraft:wheat_seeds":15,"minecraft:raw_iron":10,"minecraft:wheat":3,"minecraft:coal":9,"minecraft:mutton":4,"minecraft:acacia_sapling":12,"minecraft:white_wool":2,"minecraft:cobblestone":39},"minecraft:killed":{"minecraft:sheep":2},"minecraft:custom":{"minecraft:interact_with_furnace":5,"minecraft:time_since_rest":28233,"enigmaticlegacy:play_time_with_seven_curses":0,"minecraft:sprint_one_cm":32620,"minecraft:damage_taken":271,"minecraft:walk_one_cm":121012,"minecraft:mob_kills":2,"minecraft:drop":2,"minecraft:damage_dealt":200,"enigmaticlegacy:play_time_without_seven_curses":28233,"minecraft:interact_with_crafting_table":11,"minecraft:fly_one_cm":18448,"minecraft:open_chest":12,"minecraft:crouch_one_cm":3193,"minecraft:play_time":28233,"minecraft:walk_under_water_one_cm":386,"minecraft:sneak_time":1465,"tombstone:tomb_raiding":1,"minecraft:jump":360,"minecraft:walk_on_water_one_cm":3414,"minecraft:time_since_death":28233,"minecraft:total_world_time":28233,"minecraft:fall_one_cm":4596},"minecraft:used":{"minecraft:wheat_seeds":12,"minecraft:wooden_axe":34,"minecraft:wooden_hoe":22,"minecraft:stone_sword":29,"dawnoftimebuilder:maize":2,"minecraft:stone_pickaxe":30,"minecraft:chest":3,"minecraft:wooden_pickaxe":51,"minecraft:cobblestone":15,"minecraft:dirt":15,"minecraft:mutton":2,"delchoco:gysahl_green":4,"minecraft:crafting_table":5,"crockpot:unknown_seeds":1,"minecraft:furnace":1,"tombstone:bag_of_seeds":2},"minecraft:dropped":{"enigmaticlegacy:cursed_ring":2},"minecraft:mined":{"minecraft:acacia_leaves":1,"minecraft:iron_ore":10,"minecraft:crafting_table":3,"minecraft:grass":85,"minecraft:acacia_log":27,"minecraft:grass_block":5,"minecraft:coal_ore":8,"minecraft:dirt":15,"minecraft:tall_grass":12,"minecraft:cobblestone":1,"minecraft:stone":42,"minecraft:deepslate":5,"dawnoftimebuilder:wild_maize":1}},"DataVersion":3465}