{"stats":{"minecraft:crafted":{"minecraft:crafting_table":3,"minecraft:wooden_pickaxe":2,"minecraft:iron_helmet":1,"minecraft:iron_sword":1,"minecraft:furnace":2,"minecraft:air":0,"minecraft:iron_boots":1,"minecraft:iron_chestplate":1,"minecraft:wooden_hoe":1,"minecraft:stick":8,"minecraft:iron_ingot":20,"minecraft:iron_pickaxe":1,"minecraft:stone_pickaxe":2,"minecraft:wooden_axe":1,"minecraft:stone_sword":1,"minecraft:chest":4,"minecraft:iron_leggings":1,"minecraft:acacia_door":3,"minecraft:gold_ingot":12,"minecraft:acacia_planks":116,"minecraft:torch":8},"minecraft:picked_up":{"minecraft:charcoal":8,"delchoco:gysahl_green_seeds":21,"minecraft:crafting_table":4,"minecraft:wheat":36,"minecraft:feather":1,"minecraft:cooked_beef":1,"minecraft:chicken":10,"crockpot:asparagus_seeds":1,"alexsmobs:acacia_blossom":2,"minecraft:potato":8,"doggytalents:rice_grains":12,"minecraft:packed_mud":2,"minecraft:yellow_bed":2,"minecraft:dirt":42,"minecraft:lapis_lazuli":29,"crockpot:unknown_seeds":27,"minecraft:string":6,"minecraft:lantern":1,"crockpot:asparagus":3,"minecraft:item_frame":3,"minecraft:experience_bottle":1,"minecraft:cooked_mutton":2,"minecraft:bone":6,"minecraft:apple":1,"minecraft:wheat_seeds":106,"dawnoftimebuilder:maize":4,"minecraft:cobbled_deepslate":48,"minecraft:raw_gold":12,"minecraft:iron_ingot":33,"biomesoplenty:wildflower":7,"minecraft:melon_slice":41,"minecraft:chest":1,"minecraft:acacia_sapling":12,"minecraft:furnace":1,"minecraft:stick":7,"minecraft:raw_iron":58,"delchoco:gysahl_green":8,"minecraft:stone":1,"minecraft:acacia_fence":3,"minecraft:torch":58,"minecraft:acacia_log":31,"minecraft:porkchop":2,"sophisticatedbackpacks:iron_backpack":2,"tombstone:grave_dust":1,"minecraft:carrot":1,"minecraft:spider_eye":2,"minecraft:stone_sword":1,"minecraft:arrow":3,"minecraft:rotten_flesh":12,"enigmaticlegacy:cursed_ring":1,"minecraft:hay_block":21,"tombstone:magic_scroll":1,"minecraft:mutton":4,"minecraft:coal":75,"minecraft:white_wool":2,"minecraft:cobblestone":118},"minecraft:killed":{"minecraft:pig":1,"graveyard:skeleton_creeper":1,"minecraft:zombie_villager":1,"minecraft:spider":2,"minecraft:skeleton":3,"minecraft:sheep":2,"minecraft:zombie":5,"minecraft:donkey":1,"minecraft:chicken":2},"minecraft:custom":{"enigmaticlegacy:play_time_with_seven_curses":0,"minecraft:interact_with_furnace":16,"minecraft:mob_kills":18,"enigmaticlegacy:play_time_without_seven_curses":111766,"minecraft:interact_with_crafting_table":25,"minecraft:bell_ring":26,"minecraft:damage_dealt_resisted":176,"minecraft:eat_cake_slice":7,"minecraft:leave_game":1,"minecraft:time_since_death":53986,"minecraft:waystone_activated":2,"minecraft:time_since_rest":53669,"minecraft:sprint_one_cm":191030,"minecraft:damage_taken":1721,"minecraft:walk_one_cm":416128,"minecraft:drop":44,"minecraft:damage_dealt":3025,"minecraft:swim_one_cm":5158,"minecraft:damage_dealt_absorbed":99,"minecraft:fly_one_cm":83273,"minecraft:open_chest":24,"minecraft:crouch_one_cm":11126,"minecraft:play_time":102745,"tombstone:undead_killed":10,"minecraft:deaths":2,"minecraft:sneak_time":6631,"minecraft:walk_under_water_one_cm":5081,"tombstone:tomb_raiding":1,"minecraft:jump":1290,"minecraft:walk_on_water_one_cm":10428,"minecraft:total_world_time":102745,"minecraft:fall_one_cm":15274},"minecraft:used":{"minecraft:cooked_mutton":2,"minecraft:wheat_seeds":12,"minecraft:stone_sword":46,"minecraft:stone_pickaxe":254,"minecraft:chest":4,"minecraft:wooden_pickaxe":51,"minecraft:stone":1,"minecraft:iron_sword":214,"minecraft:rotten_flesh":7,"minecraft:iron_chestplate":1,"minecraft:torch":20,"minecraft:dirt":33,"minecraft:mutton":4,"minecraft:wheat":1,"crockpot:unknown_seeds":1,"minecraft:crafting_table":6,"minecraft:wooden_hoe":22,"tombstone:bag_of_seeds":2,"minecraft:wooden_axe":58,"dawnoftimebuilder:maize":2,"minecraft:acacia_door":1,"minecraft:melon_slice":37,"minecraft:iron_pickaxe":32,"minecraft:iron_helmet":1,"minecraft:iron_boots":1,"tombstone:grave_key":2,"minecraft:cobblestone":64,"delchoco:gysahl_green":4,"minecraft:furnace":3,"tombstone:gift":3,"minecraft:cobbled_deepslate":48,"minecraft:iron_leggings":1},"minecraft:dropped":{"sophisticatedbackpacks:iron_backpack":1,"minecraft:stone_sword":2,"enigmaticlegacy:cursed_ring":2,"minecraft:torch":45},"minecraft:mined":{"minecraft:acacia_leaves":1,"minecraft:glass_pane":2,"biomesoplenty:wildflower":2,"minecraft:crafting_table":4,"minecraft:torch":10,"minecraft:acacia_log":29,"minecraft:grass_block":10,"minecraft:melon":8,"minecraft:chest":1,"minecraft:campfire":4,"minecraft:glass":2,"minecraft:tall_grass":23,"minecraft:cobblestone":12,"minecraft:deepslate_gold_ore":12,"minecraft:wall_torch":5,"dawnoftimebuilder:wild_maize":6,"minecraft:hay_block":19,"minecraft:furnace":1,"minecraft:iron_ore":34,"minecraft:cobbled_deepslate":7,"minecraft:deepslate_lapis_ore":5,"minecraft:yellow_bed":2,"minecraft:grass":111,"minecraft:coal_ore":59,"minecraft:deepslate_iron_ore":31,"minecraft:acacia_fence":3,"minecraft:dirt":31,"minecraft:stone":117,"minecraft:deepslate":31}},"DataVersion":3465}