{"stats":{"minecraft:crafted":{"minecraft:wooden_hoe":1,"minecraft:crafting_table":2,"minecraft:stick":8,"minecraft:wooden_pickaxe":1,"minecraft:wooden_axe":1,"minecraft:stone_sword":1,"minecraft:chest":3,"minecraft:furnace":1,"minecraft:acacia_planks":64},"minecraft:picked_up":{"minecraft:stick":5,"delchoco:gysahl_green_seeds":9,"minecraft:crafting_table":2,"delchoco:gysahl_green":4,"minecraft:acacia_log":16,"doggytalents:rice_grains":8,"crockpot:unknown_seeds":14,"minecraft:dirt":20,"minecraft:rotten_flesh":1,"enigmaticlegacy:cursed_ring":1,"dawnoftimebuilder:maize":1,"minecraft:wheat_seeds":10,"minecraft:coal":3,"minecraft:mutton":2,"minecraft:acacia_sapling":7,"minecraft:white_wool":1,"minecraft:cobblestone":16},"minecraft:killed":{"minecraft:sheep":1},"minecraft:custom":{"minecraft:interact_with_furnace":2,"minecraft:time_since_rest":16233,"enigmaticlegacy:play_time_with_seven_curses":0,"minecraft:sprint_one_cm":32259,"minecraft:damage_taken":271,"minecraft:walk_one_cm":61927,"minecraft:mob_kills":1,"minecraft:drop":2,"minecraft:damage_dealt":120,"enigmaticlegacy:play_time_without_seven_curses":16233,"minecraft:interact_with_crafting_table":9,"minecraft:fly_one_cm":18118,"minecraft:open_chest":5,"minecraft:crouch_one_cm":1384,"minecraft:play_time":16233,"minecraft:sneak_time":651,"minecraft:jump":243,"minecraft:walk_on_water_one_cm":489,"minecraft:time_since_death":16233,"minecraft:total_world_time":16233,"minecraft:fall_one_cm":2959},"minecraft:used":{"minecraft:wheat_seeds":8,"minecraft:wooden_axe":14,"minecraft:wooden_hoe":22,"minecraft:stone_sword":19,"dawnoftimebuilder:maize":2,"minecraft:chest":3,"minecraft:wooden_pickaxe":35,"minecraft:dirt":15,"minecraft:mutton":2,"delchoco:gysahl_green":4,"minecraft:crafting_table":4,"crockpot:unknown_seeds":1,"minecraft:furnace":1},"minecraft:dropped":{"enigmaticlegacy:cursed_ring":2},"minecraft:mined":{"minecraft:acacia_leaves":1,"minecraft:crafting_table":2,"minecraft:grass":69,"minecraft:acacia_log":11,"minecraft:grass_block":5,"minecraft:coal_ore":4,"minecraft:dirt":15,"minecraft:tall_grass":12,"minecraft:stone":16,"dawnoftimebuilder:wild_maize":1}},"DataVersion":3465}