{"stats":{"minecraft:crafted":{"minecraft:crafting_table":3,"minecraft:wooden_pickaxe":2,"minecraft:iron_helmet":1,"minecraft:iron_sword":1,"minecraft:furnace":2,"minecraft:air":0,"minecraft:iron_boots":1,"minecraft:iron_chestplate":1,"minecraft:wooden_hoe":1,"minecraft:stick":8,"minecraft:iron_ingot":20,"minecraft:iron_pickaxe":1,"minecraft:stone_pickaxe":2,"minecraft:wooden_axe":1,"minecraft:stone_sword":1,"minecraft:chest":4,"minecraft:iron_leggings":1,"minecraft:acacia_door":3,"minecraft:gold_ingot":12,"minecraft:acacia_planks":116,"minecraft:torch":8},"minecraft:picked_up":{"minecraft:charcoal":8,"delchoco:gysahl_green_seeds":18,"minecraft:crafting_table":4,"minecraft:wheat":11,"minecraft:feather":1,"minecraft:cooked_beef":1,"minecraft:chicken":9,"alexsmobs:acacia_blossom":2,"minecraft:potato":8,"doggytalents:rice_grains":12,"minecraft:yellow_bed":2,"minecraft:dirt":42,"minecraft:lapis_lazuli":29,"crockpot:unknown_seeds":26,"minecraft:string":6,"minecraft:lantern":1,"minecraft:item_frame":3,"minecraft:experience_bottle":1,"minecraft:cooked_mutton":2,"minecraft:bone":6,"minecraft:apple":1,"minecraft:wheat_seeds":37,"dawnoftimebuilder:maize":1,"minecraft:cobbled_deepslate":48,"minecraft:raw_gold":12,"minecraft:iron_ingot":33,"minecraft:melon_slice":41,"minecraft:chest":1,"minecraft:acacia_sapling":12,"minecraft:furnace":1,"minecraft:stick":7,"minecraft:raw_iron":49,"delchoco:gysahl_green":5,"minecraft:stone":1,"minecraft:acacia_fence":3,"minecraft:torch":56,"minecraft:acacia_log":31,"minecraft:porkchop":2,"sophisticatedbackpacks:iron_backpack":2,"tombstone:grave_dust":1,"minecraft:carrot":1,"minecraft:spider_eye":2,"minecraft:stone_sword":1,"minecraft:arrow":3,"minecraft:rotten_flesh":12,"enigmaticlegacy:cursed_ring":1,"minecraft:hay_block":21,"tombstone:magic_scroll":1,"minecraft:mutton":4,"minecraft:coal":75,"minecraft:white_wool":2,"minecraft:cobblestone":116},"minecraft:killed":{"minecraft:pig":1,"graveyard:skeleton_creeper":1,"minecraft:zombie_villager":1,"minecraft:spider":2,"minecraft:skeleton":3,"minecraft:sheep":2,"minecraft:zombie":5,"minecraft:donkey":1,"minecraft:chicken":1},"minecraft:custom":{"enigmaticlegacy:play_time_with_seven_curses":0,"minecraft:interact_with_furnace":16,"minecraft:mob_kills":17,"enigmaticlegacy:play_time_without_seven_curses":99766,"minecraft:interact_with_crafting_table":24,"minecraft:bell_ring":26,"minecraft:damage_dealt_resisted":176,"minecraft:eat_cake_slice":7,"minecraft:leave_game":1,"minecraft:time_since_death":41986,"minecraft:time_since_rest":41669,"minecraft:sprint_one_cm":116692,"minecraft:damage_taken":1491,"minecraft:walk_one_cm":377820,"minecraft:drop":44,"minecraft:damage_dealt":2985,"minecraft:damage_dealt_absorbed":99,"minecraft:fly_one_cm":50727,"minecraft:open_chest":23,"minecraft:crouch_one_cm":11126,"minecraft:play_time":90745,"tombstone:undead_killed":10,"minecraft:deaths":2,"minecraft:sneak_time":6590,"minecraft:walk_under_water_one_cm":4528,"tombstone:tomb_raiding":1,"minecraft:jump":995,"minecraft:walk_on_water_one_cm":9458,"minecraft:total_world_time":90745,"minecraft:fall_one_cm":11534},"minecraft:used":{"minecraft:cooked_mutton":2,"minecraft:wheat_seeds":12,"minecraft:stone_sword":46,"minecraft:stone_pickaxe":249,"minecraft:chest":4,"minecraft:wooden_pickaxe":51,"minecraft:stone":1,"minecraft:iron_sword":208,"minecraft:rotten_flesh":7,"minecraft:iron_chestplate":1,"minecraft:torch":14,"minecraft:dirt":33,"minecraft:mutton":4,"crockpot:unknown_seeds":1,"minecraft:crafting_table":6,"minecraft:wooden_hoe":22,"tombstone:bag_of_seeds":2,"minecraft:wooden_axe":58,"dawnoftimebuilder:maize":2,"minecraft:acacia_door":1,"minecraft:melon_slice":13,"minecraft:iron_pickaxe":26,"minecraft:iron_helmet":1,"minecraft:iron_boots":1,"tombstone:grave_key":2,"minecraft:cobblestone":64,"delchoco:gysahl_green":4,"minecraft:furnace":3,"tombstone:gift":2,"minecraft:cobbled_deepslate":48,"minecraft:iron_leggings":1},"minecraft:dropped":{"sophisticatedbackpacks:iron_backpack":1,"minecraft:stone_sword":2,"enigmaticlegacy:cursed_ring":2,"minecraft:torch":45},"minecraft:mined":{"minecraft:acacia_leaves":1,"minecraft:glass_pane":2,"minecraft:crafting_table":4,"minecraft:torch":8,"minecraft:acacia_log":29,"minecraft:grass_block":10,"minecraft:melon":8,"minecraft:chest":1,"minecraft:campfire":4,"minecraft:glass":2,"minecraft:tall_grass":23,"minecraft:cobblestone":12,"minecraft:deepslate_gold_ore":12,"minecraft:wall_torch":3,"dawnoftimebuilder:wild_maize":1,"minecraft:hay_block":19,"minecraft:furnace":1,"minecraft:iron_ore":25,"minecraft:cobbled_deepslate":7,"minecraft:deepslate_lapis_ore":5,"minecraft:yellow_bed":2,"minecraft:grass":106,"minecraft:coal_ore":59,"minecraft:deepslate_iron_ore":31,"minecraft:acacia_fence":3,"minecraft:dirt":31,"minecraft:stone":115,"minecraft:deepslate":31}},"DataVersion":3465}