{"stats":{"minecraft:crafted":{"minecraft:crafting_table":3,"minecraft:wooden_pickaxe":2,"minecraft:iron_helmet":1,"minecraft:iron_sword":1,"minecraft:furnace":2,"minecraft:air":0,"minecraft:iron_boots":1,"minecraft:iron_chestplate":1,"minecraft:wooden_hoe":1,"minecraft:stick":8,"minecraft:iron_ingot":20,"minecraft:iron_pickaxe":1,"minecraft:stone_pickaxe":2,"minecraft:wooden_axe":1,"minecraft:stone_sword":1,"minecraft:chest":4,"minecraft:iron_leggings":1,"minecraft:acacia_door":3,"minecraft:gold_ingot":12,"minecraft:acacia_planks":116,"minecraft:torch":8},"minecraft:picked_up":{"delchoco:gysahl_green_seeds":16,"minecraft:crafting_table":4,"minecraft:wheat":3,"minecraft:cooked_beef":1,"alexsmobs:acacia_blossom":2,"doggytalents:rice_grains":11,"minecraft:dirt":42,"minecraft:lapis_lazuli":29,"crockpot:unknown_seeds":25,"minecraft:string":6,"minecraft:lantern":1,"minecraft:cooked_mutton":2,"minecraft:bone":2,"minecraft:wheat_seeds":19,"dawnoftimebuilder:maize":1,"minecraft:cobbled_deepslate":48,"minecraft:raw_gold":12,"minecraft:iron_ingot":33,"minecraft:chest":1,"minecraft:acacia_sapling":12,"minecraft:furnace":1,"minecraft:stick":7,"minecraft:raw_iron":49,"delchoco:gysahl_green":4,"minecraft:stone":1,"minecraft:torch":54,"minecraft:acacia_log":29,"minecraft:porkchop":2,"sophisticatedbackpacks:iron_backpack":2,"tombstone:grave_dust":1,"minecraft:spider_eye":2,"minecraft:stone_sword":1,"minecraft:rotten_flesh":10,"enigmaticlegacy:cursed_ring":1,"minecraft:hay_block":1,"tombstone:magic_scroll":1,"minecraft:mutton":4,"minecraft:coal":46,"minecraft:white_wool":2,"minecraft:cobblestone":110},"minecraft:killed":{"minecraft:pig":1,"minecraft:zombie_villager":1,"minecraft:spider":2,"minecraft:skeleton":2,"minecraft:sheep":2,"minecraft:zombie":4,"minecraft:donkey":1},"minecraft:custom":{"enigmaticlegacy:play_time_with_seven_curses":0,"minecraft:interact_with_furnace":16,"minecraft:mob_kills":13,"enigmaticlegacy:play_time_without_seven_curses":87766,"minecraft:interact_with_crafting_table":24,"minecraft:damage_dealt_resisted":176,"minecraft:leave_game":1,"minecraft:time_since_death":29986,"minecraft:time_since_rest":29669,"minecraft:sprint_one_cm":78544,"minecraft:damage_taken":1259,"minecraft:walk_one_cm":304640,"minecraft:drop":44,"minecraft:damage_dealt":2388,"minecraft:damage_dealt_absorbed":99,"minecraft:fly_one_cm":42432,"minecraft:open_chest":19,"minecraft:crouch_one_cm":11074,"minecraft:play_time":78745,"tombstone:undead_killed":7,"minecraft:deaths":2,"minecraft:sneak_time":6574,"minecraft:walk_under_water_one_cm":4528,"tombstone:tomb_raiding":1,"minecraft:jump":905,"minecraft:walk_on_water_one_cm":8452,"minecraft:total_world_time":78745,"minecraft:fall_one_cm":9531},"minecraft:used":{"minecraft:cooked_mutton":2,"minecraft:wheat_seeds":12,"minecraft:stone_sword":46,"minecraft:stone_pickaxe":213,"minecraft:chest":4,"minecraft:wooden_pickaxe":51,"minecraft:stone":1,"minecraft:iron_sword":183,"minecraft:rotten_flesh":7,"minecraft:iron_chestplate":1,"minecraft:torch":12,"minecraft:dirt":32,"minecraft:mutton":4,"crockpot:unknown_seeds":1,"minecraft:crafting_table":6,"minecraft:wooden_hoe":22,"tombstone:bag_of_seeds":2,"minecraft:wooden_axe":40,"dawnoftimebuilder:maize":2,"minecraft:acacia_door":1,"minecraft:iron_pickaxe":26,"minecraft:iron_helmet":1,"minecraft:iron_boots":1,"tombstone:grave_key":2,"minecraft:cobblestone":62,"delchoco:gysahl_green":4,"minecraft:furnace":3,"tombstone:gift":2,"minecraft:cobbled_deepslate":48,"minecraft:iron_leggings":1},"minecraft:dropped":{"sophisticatedbackpacks:iron_backpack":1,"minecraft:stone_sword":2,"enigmaticlegacy:cursed_ring":2,"minecraft:torch":45},"minecraft:mined":{"minecraft:acacia_leaves":1,"minecraft:crafting_table":4,"minecraft:torch":7,"minecraft:acacia_log":27,"minecraft:grass_block":10,"minecraft:chest":1,"minecraft:tall_grass":22,"minecraft:cobblestone":12,"minecraft:deepslate_gold_ore":12,"minecraft:wall_torch":2,"dawnoftimebuilder:wild_maize":1,"minecraft:furnace":1,"minecraft:iron_ore":25,"minecraft:cobbled_deepslate":7,"minecraft:deepslate_lapis_ore":5,"minecraft:grass":99,"minecraft:coal_ore":30,"minecraft:deepslate_iron_ore":31,"minecraft:dirt":31,"minecraft:stone":108,"minecraft:deepslate":31}},"DataVersion":3465}