{"stats":{"minecraft:crafted":{"minecraft:crafting_table":3,"minecraft:wooden_pickaxe":2,"minecraft:iron_sword":1,"minecraft:furnace":2,"minecraft:air":0,"minecraft:wooden_hoe":1,"minecraft:stick":8,"minecraft:iron_ingot":5,"minecraft:iron_pickaxe":1,"minecraft:stone_pickaxe":2,"minecraft:wooden_axe":1,"minecraft:stone_sword":1,"minecraft:chest":4,"minecraft:acacia_planks":116,"minecraft:torch":8},"minecraft:picked_up":{"delchoco:gysahl_green_seeds":13,"minecraft:crafting_table":3,"minecraft:wheat":3,"alexsmobs:acacia_blossom":2,"doggytalents:rice_grains":11,"minecraft:lapis_lazuli":29,"crockpot:unknown_seeds":17,"minecraft:dirt":21,"minecraft:string":6,"minecraft:cooked_mutton":2,"minecraft:wheat_seeds":15,"dawnoftimebuilder:maize":1,"minecraft:cobbled_deepslate":44,"minecraft:raw_gold":12,"minecraft:acacia_sapling":12,"minecraft:stone":1,"minecraft:stick":7,"minecraft:raw_iron":48,"delchoco:gysahl_green":4,"minecraft:torch":52,"minecraft:acacia_log":29,"minecraft:rotten_flesh":5,"enigmaticlegacy:cursed_ring":1,"minecraft:mutton":4,"minecraft:coal":30,"minecraft:white_wool":2,"minecraft:cobblestone":63},"minecraft:killed":{"minecraft:zombie_villager":1,"minecraft:spider":2,"minecraft:skeleton":1,"minecraft:sheep":2,"minecraft:zombie":3},"minecraft:custom":{"enigmaticlegacy:play_time_with_seven_curses":0,"minecraft:interact_with_furnace":10,"minecraft:mob_kills":9,"enigmaticlegacy:play_time_without_seven_curses":52132,"minecraft:interact_with_crafting_table":18,"minecraft:damage_dealt_resisted":15,"minecraft:time_since_death":3474,"minecraft:time_since_rest":3157,"minecraft:sprint_one_cm":59448,"minecraft:damage_taken":1036,"minecraft:walk_one_cm":219227,"minecraft:drop":41,"minecraft:damage_dealt":1074,"minecraft:damage_dealt_absorbed":21,"minecraft:fly_one_cm":34156,"minecraft:open_chest":13,"minecraft:crouch_one_cm":7928,"minecraft:play_time":52233,"tombstone:undead_killed":5,"minecraft:deaths":2,"minecraft:sneak_time":4852,"minecraft:walk_under_water_one_cm":1171,"tombstone:tomb_raiding":1,"minecraft:jump":607,"minecraft:walk_on_water_one_cm":6182,"minecraft:total_world_time":52233,"minecraft:fall_one_cm":7960},"minecraft:used":{"minecraft:cooked_mutton":2,"minecraft:wheat_seeds":12,"minecraft:stone_sword":46,"minecraft:stone_pickaxe":148,"minecraft:chest":4,"minecraft:wooden_pickaxe":51,"minecraft:iron_sword":60,"minecraft:rotten_flesh":1,"minecraft:torch":9,"minecraft:dirt":15,"minecraft:mutton":4,"crockpot:unknown_seeds":1,"minecraft:crafting_table":5,"tombstone:bag_of_seeds":2,"minecraft:wooden_axe":34,"minecraft:wooden_hoe":22,"dawnoftimebuilder:maize":2,"minecraft:iron_pickaxe":23,"tombstone:grave_key":2,"minecraft:cobblestone":40,"delchoco:gysahl_green":4,"minecraft:furnace":2,"tombstone:gift":2,"minecraft:cobbled_deepslate":20},"minecraft:dropped":{"enigmaticlegacy:cursed_ring":2,"minecraft:torch":45},"minecraft:mined":{"minecraft:acacia_leaves":1,"minecraft:crafting_table":3,"minecraft:torch":6,"minecraft:acacia_log":27,"minecraft:grass_block":5,"minecraft:tall_grass":12,"minecraft:cobblestone":9,"minecraft:deepslate_gold_ore":12,"minecraft:wall_torch":1,"dawnoftimebuilder:wild_maize":1,"minecraft:iron_ore":24,"minecraft:cobbled_deepslate":7,"minecraft:deepslate_lapis_ore":5,"minecraft:grass":85,"minecraft:coal_ore":30,"minecraft:deepslate_iron_ore":31,"minecraft:dirt":16,"minecraft:stone":61,"minecraft:deepslate":27}},"DataVersion":3465}