{"stats":{"minecraft:crafted":{"minecraft:crafting_table":3,"minecraft:wooden_pickaxe":2,"minecraft:furnace":1,"minecraft:wooden_hoe":1,"minecraft:stick":8,"minecraft:stone_pickaxe":1,"minecraft:wooden_axe":1,"minecraft:stone_sword":1,"minecraft:chest":3,"minecraft:acacia_planks":116,"minecraft:torch":8},"minecraft:picked_up":{"delchoco:gysahl_green_seeds":13,"minecraft:crafting_table":3,"minecraft:wheat":3,"alexsmobs:acacia_blossom":2,"doggytalents:rice_grains":11,"crockpot:unknown_seeds":17,"minecraft:dirt":21,"minecraft:string":4,"minecraft:cooked_mutton":2,"minecraft:wheat_seeds":15,"dawnoftimebuilder:maize":1,"minecraft:cobbled_deepslate":25,"minecraft:acacia_sapling":12,"minecraft:stick":7,"minecraft:raw_iron":38,"delchoco:gysahl_green":4,"minecraft:torch":6,"minecraft:acacia_log":29,"minecraft:rotten_flesh":1,"enigmaticlegacy:cursed_ring":1,"minecraft:mutton":4,"minecraft:coal":30,"minecraft:white_wool":2,"minecraft:cobblestone":54},"minecraft:killed":{"minecraft:spider":1,"minecraft:skeleton":1,"minecraft:sheep":2},"minecraft:custom":{"enigmaticlegacy:play_time_with_seven_curses":0,"minecraft:interact_with_furnace":5,"minecraft:mob_kills":4,"enigmaticlegacy:play_time_without_seven_curses":40169,"minecraft:interact_with_crafting_table":11,"minecraft:time_since_death":1029,"minecraft:time_since_rest":566,"minecraft:sprint_one_cm":38630,"minecraft:damage_taken":616,"minecraft:walk_one_cm":185881,"minecraft:drop":2,"minecraft:damage_dealt":315,"minecraft:fly_one_cm":22835,"minecraft:open_chest":12,"minecraft:crouch_one_cm":7070,"minecraft:play_time":40233,"tombstone:undead_killed":1,"minecraft:deaths":1,"minecraft:sneak_time":3872,"minecraft:walk_under_water_one_cm":1171,"tombstone:tomb_raiding":1,"minecraft:jump":466,"minecraft:walk_on_water_one_cm":4957,"minecraft:total_world_time":40233,"minecraft:fall_one_cm":6104},"minecraft:used":{"minecraft:cooked_mutton":2,"minecraft:wheat_seeds":12,"minecraft:stone_sword":46,"minecraft:stone_pickaxe":124,"minecraft:chest":3,"minecraft:wooden_pickaxe":51,"minecraft:torch":8,"minecraft:dirt":15,"minecraft:mutton":4,"crockpot:unknown_seeds":1,"minecraft:crafting_table":5,"tombstone:bag_of_seeds":2,"minecraft:wooden_axe":34,"minecraft:wooden_hoe":22,"dawnoftimebuilder:maize":2,"tombstone:grave_key":1,"minecraft:cobblestone":40,"delchoco:gysahl_green":4,"minecraft:furnace":1,"minecraft:cobbled_deepslate":12},"minecraft:dropped":{"enigmaticlegacy:cursed_ring":2},"minecraft:mined":{"minecraft:acacia_leaves":1,"minecraft:crafting_table":3,"minecraft:torch":5,"minecraft:acacia_log":27,"minecraft:grass_block":5,"minecraft:tall_grass":12,"minecraft:cobblestone":1,"minecraft:wall_torch":1,"dawnoftimebuilder:wild_maize":1,"minecraft:iron_ore":24,"minecraft:cobbled_deepslate":6,"minecraft:grass":85,"minecraft:coal_ore":30,"minecraft:deepslate_iron_ore":21,"minecraft:dirt":16,"minecraft:stone":61,"minecraft:deepslate":16}},"DataVersion":3465}