{"stats":{"minecraft:crafted":{"minecraft:crafting_table":3,"minecraft:wooden_pickaxe":2,"minecraft:iron_sword":1,"minecraft:furnace":2,"minecraft:air":0,"minecraft:wooden_hoe":1,"minecraft:stick":8,"minecraft:iron_ingot":5,"minecraft:iron_pickaxe":1,"minecraft:stone_pickaxe":2,"minecraft:wooden_axe":1,"minecraft:stone_sword":1,"minecraft:chest":4,"minecraft:acacia_planks":116,"minecraft:torch":8},"minecraft:picked_up":{"delchoco:gysahl_green_seeds":13,"minecraft:crafting_table":4,"minecraft:wheat":3,"alexsmobs:acacia_blossom":2,"doggytalents:rice_grains":11,"minecraft:lapis_lazuli":29,"crockpot:unknown_seeds":17,"minecraft:dirt":28,"minecraft:string":6,"minecraft:cooked_mutton":2,"minecraft:bone":2,"minecraft:wheat_seeds":15,"dawnoftimebuilder:maize":1,"minecraft:cobbled_deepslate":48,"minecraft:raw_gold":12,"minecraft:iron_ingot":33,"minecraft:chest":1,"minecraft:acacia_sapling":12,"minecraft:furnace":1,"minecraft:stone":1,"minecraft:stick":7,"minecraft:raw_iron":49,"delchoco:gysahl_green":4,"minecraft:torch":52,"minecraft:acacia_log":29,"sophisticatedbackpacks:iron_backpack":1,"tombstone:grave_dust":1,"minecraft:stone_sword":1,"minecraft:rotten_flesh":8,"enigmaticlegacy:cursed_ring":1,"minecraft:mutton":4,"minecraft:coal":46,"minecraft:white_wool":2,"minecraft:cobblestone":104},"minecraft:killed":{"minecraft:zombie_villager":1,"minecraft:spider":2,"minecraft:skeleton":2,"minecraft:sheep":2,"minecraft:zombie":3},"minecraft:custom":{"enigmaticlegacy:play_time_with_seven_curses":0,"minecraft:interact_with_furnace":10,"minecraft:mob_kills":10,"enigmaticlegacy:play_time_without_seven_curses":64132,"minecraft:interact_with_crafting_table":18,"minecraft:damage_dealt_resisted":176,"minecraft:time_since_death":15474,"minecraft:time_since_rest":15157,"minecraft:sprint_one_cm":60307,"minecraft:damage_taken":1216,"minecraft:walk_one_cm":266407,"minecraft:drop":43,"minecraft:damage_dealt":1704,"minecraft:damage_dealt_absorbed":99,"minecraft:fly_one_cm":34587,"minecraft:open_chest":14,"minecraft:crouch_one_cm":10826,"minecraft:play_time":64233,"tombstone:undead_killed":6,"minecraft:deaths":2,"minecraft:sneak_time":6386,"minecraft:walk_under_water_one_cm":4528,"tombstone:tomb_raiding":1,"minecraft:jump":821,"minecraft:walk_on_water_one_cm":8452,"minecraft:total_world_time":64233,"minecraft:fall_one_cm":8720},"minecraft:used":{"minecraft:cooked_mutton":2,"minecraft:wheat_seeds":12,"minecraft:stone_sword":46,"minecraft:stone_pickaxe":193,"minecraft:chest":4,"minecraft:wooden_pickaxe":51,"minecraft:stone":1,"minecraft:iron_sword":123,"minecraft:rotten_flesh":1,"minecraft:torch":9,"minecraft:dirt":15,"minecraft:mutton":4,"crockpot:unknown_seeds":1,"minecraft:crafting_table":6,"tombstone:bag_of_seeds":2,"minecraft:wooden_axe":40,"minecraft:wooden_hoe":22,"dawnoftimebuilder:maize":2,"minecraft:iron_pickaxe":26,"tombstone:grave_key":2,"minecraft:cobblestone":60,"delchoco:gysahl_green":4,"minecraft:furnace":2,"tombstone:gift":2,"minecraft:cobbled_deepslate":48},"minecraft:dropped":{"minecraft:stone_sword":2,"enigmaticlegacy:cursed_ring":2,"minecraft:torch":45},"minecraft:mined":{"minecraft:acacia_leaves":1,"minecraft:crafting_table":4,"minecraft:torch":6,"minecraft:acacia_log":27,"minecraft:grass_block":6,"minecraft:chest":1,"minecraft:tall_grass":12,"minecraft:cobblestone":9,"minecraft:deepslate_gold_ore":12,"minecraft:wall_torch":1,"dawnoftimebuilder:wild_maize":1,"minecraft:furnace":1,"minecraft:iron_ore":25,"minecraft:cobbled_deepslate":7,"minecraft:deepslate_lapis_ore":5,"minecraft:grass":85,"minecraft:coal_ore":30,"minecraft:deepslate_iron_ore":31,"minecraft:dirt":21,"minecraft:stone":102,"minecraft:deepslate":31}},"DataVersion":3465}