{"stats":{"minecraft:crafted":{"minecraft:acacia_planks":36,"minecraft:crafting_table":1,"minecraft:stick":4,"minecraft:wooden_pickaxe":1,"minecraft:wooden_axe":1},"minecraft:picked_up":{"delchoco:gysahl_green_seeds":4,"minecraft:wheat_seeds":6,"minecraft:acacia_log":9,"doggytalents:rice_grains":5,"minecraft:acacia_sapling":3,"crockpot:unknown_seeds":8,"minecraft:dirt":13},"minecraft:custom":{"minecraft:time_since_rest":4233,"enigmaticlegacy:play_time_with_seven_curses":0,"minecraft:crouch_one_cm":313,"minecraft:play_time":4233,"minecraft:sprint_one_cm":19449,"minecraft:damage_taken":75,"minecraft:walk_one_cm":10835,"minecraft:sneak_time":99,"minecraft:jump":69,"minecraft:time_since_death":4233,"enigmaticlegacy:play_time_without_seven_curses":4233,"minecraft:total_world_time":4233,"minecraft:interact_with_crafting_table":1,"minecraft:fall_one_cm":209,"minecraft:fly_one_cm":11865},"minecraft:used":{"minecraft:dirt":5,"minecraft:crafting_table":1,"minecraft:wooden_pickaxe":8},"minecraft:mined":{"minecraft:grass":47,"minecraft:acacia_log":1,"minecraft:grass_block":5,"minecraft:dirt":8,"minecraft:tall_grass":6}},"DataVersion":3465}