{"stats":{"minecraft:crafted":{"minecraft:acacia_planks":4},"minecraft:picked_up":{"delchoco:gysahl_green_seeds":1,"minecraft:acacia_planks":4,"enigmaticlegacy:cursed_ring":1,"minecraft:wheat_seeds":1,"minecraft:acacia_log":2,"doggytalents:rice_grains":1,"crockpot:unknown_seeds":3,"minecraft:acacia_sapling":2,"minecraft:egg":2},"minecraft:custom":{"minecraft:time_since_rest":3467,"enigmaticlegacy:play_time_with_seven_curses":0,"minecraft:crouch_one_cm":659,"minecraft:play_time":3467,"minecraft:sprint_one_cm":21129,"minecraft:damage_taken":135,"minecraft:walk_one_cm":7507,"minecraft:sneak_time":201,"minecraft:drop":6,"minecraft:jump":137,"minecraft:damage_dealt":75,"minecraft:time_since_death":3467,"enigmaticlegacy:play_time_without_seven_curses":3467,"minecraft:total_world_time":3467,"minecraft:fall_one_cm":2984,"minecraft:fly_one_cm":27324},"minecraft:used":{"minecraft:egg":2},"minecraft:dropped":{"minecraft:wheat_seeds":1,"minecraft:acacia_planks":4,"enigmaticlegacy:cursed_ring":1},"minecraft:mined":{"minecraft:grass":9,"minecraft:acacia_leaves":3,"minecraft:tall_grass":4}},"DataVersion":3465}