{"stats":{"minecraft:picked_up":{"delchoco:gysahl_green_seeds":3,"minecraft:feather":1,"minecraft:cooked_beef":1,"minecraft:chicken":4,"minecraft:glow_ink_sac":1,"minecraft:leather":2,"alexsmobs:acacia_blossom":1,"croptopia:glowing_calamari":1,"doggytalents:rice_grains":4,"crockpot:unknown_seeds":5,"minecraft:dirt":6,"minecraft:wooden_sword":1,"minecraft:bone":2,"minecraft:acacia_planks":4,"minecraft:apple":1,"minecraft:wheat_seeds":5,"minecraft:cobbled_deepslate":1,"minecraft:beef":1,"spartanweaponry:iron_dagger":1,"minecraft:acacia_sapling":2,"minecraft:egg":3,"minecraft:stick":1,"minecraft:raw_iron":25,"minecraft:acacia_log":2,"iceandfire:rotten_egg":1,"tombstone:grave_dust":1,"minecraft:diorite":2,"minecraft:spider_eye":1,"minecraft:arrow":2,"minecraft:rotten_flesh":8,"enigmaticlegacy:cursed_ring":1,"minecraft:diamond":2,"tombstone:magic_scroll":1,"minecraft:mutton":1,"minecraft:coal":1,"minecraft:white_wool":1,"minecraft:cobblestone":13,"minecraft:diamond_pickaxe":1},"minecraft:crafted":{"minecraft:cooked_beef":1,"minecraft:crafting_table":1,"minecraft:cooked_chicken":6,"minecraft:furnace":1,"minecraft:cooked_mutton":2,"minecraft:stick":4,"minecraft:stone_pickaxe":1,"minecraft:acacia_planks":8},"minecraft:killed":{"minecraft:spider":2,"minecraft:sheep":1,"minecraft:zombie":6,"minecraft:chicken":4,"minecraft:cow":1},"minecraft:custom":{"enigmaticlegacy:play_time_with_seven_curses":0,"minecraft:interact_with_furnace":18,"minecraft:mob_kills":14,"enigmaticlegacy:play_time_without_seven_curses":39220,"minecraft:interact_with_crafting_table":8,"minecraft:time_since_death":953,"minecraft:time_since_rest":930,"minecraft:sprint_one_cm":122851,"minecraft:damage_taken":605,"minecraft:walk_one_cm":74004,"minecraft:drop":15,"minecraft:damage_dealt":1560,"minecraft:swim_one_cm":66,"minecraft:fly_one_cm":153951,"minecraft:open_chest":11,"minecraft:crouch_one_cm":4547,"minecraft:play_time":39467,"tombstone:undead_killed":6,"minecraft:deaths":1,"minecraft:sneak_time":2184,"minecraft:walk_under_water_one_cm":217,"minecraft:jump":817,"minecraft:walk_on_water_one_cm":2971,"minecraft:total_world_time":39467,"minecraft:fall_one_cm":24763},"minecraft:used":{"minecraft:diorite":2,"minecraft:stone_pickaxe":30,"minecraft:cooked_chicken":3,"minecraft:rotten_flesh":8,"minecraft:dirt":3,"minecraft:mutton":1,"minecraft:crafting_table":1,"minecraft:diamond_pickaxe":2,"spartanweaponry:iron_dagger":68,"tombstone:grave_key":1,"minecraft:cobblestone":1,"minecraft:furnace":1,"tombstone:gift":2,"minecraft:egg":3,"minecraft:cobbled_deepslate":1,"minecraft:cooked_beef":2},"minecraft:dropped":{"minecraft:wheat_seeds":1,"alexsmobs:acacia_blossom":1,"minecraft:cooked_chicken":2,"minecraft:cooked_mutton":2,"enigmaticlegacy:cursed_ring":2,"iceandfire:rotten_egg":1,"tombstone:magic_scroll":1,"minecraft:spider_eye":1,"minecraft:acacia_planks":4},"minecraft:mined":{"minecraft:acacia_leaves":5,"minecraft:deepslate_diamond_ore":2,"minecraft:acacia_log":2,"minecraft:grass_block":2,"minecraft:tall_grass":7,"minecraft:cobblestone":1,"minecraft:diorite":2,"minecraft:iron_ore":15,"minecraft:grass":29,"minecraft:deepslate_iron_ore":9,"minecraft:dirt":4,"minecraft:stone":1,"minecraft:deepslate":2}},"DataVersion":3465}