{"stats":{"minecraft:broken":{"minecraft:stone_pickaxe":1,"spartanweaponry:iron_dagger":1},"minecraft:picked_up":{"delchoco:gysahl_green_seeds":10,"minecraft:wheat":12,"minecraft:feather":1,"minecraft:cooked_beef":2,"minecraft:chicken":4,"minecraft:glow_ink_sac":1,"minecraft:andesite":2,"minecraft:leather":2,"alexsmobs:acacia_blossom":1,"minecraft:wooden_pickaxe":1,"croptopia:glowing_calamari":1,"doggytalents:rice_grains":7,"minecraft:enchanted_book":1,"minecraft:shield":1,"minecraft:gunpowder":1,"crockpot:unknown_seeds":12,"minecraft:dirt":15,"minecraft:wooden_sword":1,"minecraft:bone":6,"minecraft:acacia_planks":4,"minecraft:apple":1,"minecraft:bow":1,"minecraft:wheat_seeds":50,"minecraft:cobbled_deepslate":59,"minecraft:raw_gold":1,"minecraft:beef":1,"spartanweaponry:iron_dagger":1,"minecraft:acacia_sapling":2,"minecraft:furnace":2,"minecraft:egg":3,"minecraft:stick":5,"minecraft:raw_iron":35,"minecraft:music_disc_13":1,"minecraft:torch":5,"minecraft:acacia_log":3,"farmersdelight:tomato_seeds":3,"iceandfire:rotten_egg":1,"sophisticatedbackpacks:iron_backpack":1,"tombstone:grave_dust":3,"minecraft:diorite":20,"minecraft:spider_eye":3,"minecraft:mossy_cobblestone":4,"tombstone:lollipop":1,"minecraft:stone_sword":1,"minecraft:arrow":6,"minecraft:rotten_flesh":13,"enigmaticlegacy:cursed_ring":1,"minecraft:diamond":2,"minecraft:iron_helmet":1,"sophisticatedbackpacks:copper_backpack":1,"tombstone:magic_scroll":1,"minecraft:mutton":1,"minecraft:coal":30,"minecraft:white_wool":1,"minecraft:cobblestone":81,"minecraft:diamond_pickaxe":1},"minecraft:crafted":{"minecraft:cooked_beef":1,"minecraft:cooked_porkchop":2,"minecraft:crafting_table":1,"minecraft:cooked_chicken":6,"minecraft:furnace":1,"minecraft:cooked_mutton":2,"minecraft:iron_chestplate":1,"minecraft:stick":4,"minecraft:iron_ingot":36,"minecraft:stone_pickaxe":1,"minecraft:iron_leggings":1,"minecraft:acacia_planks":8},"minecraft:killed":{"minecraft:spider":2,"endermanoverhaul:savanna_enderman":1,"minecraft:skeleton":2,"minecraft:sheep":1,"minecraft:zombie":11,"minecraft:chicken":4,"creeperoverhaul:cave_creeper":1,"minecraft:cow":1},"minecraft:custom":{"enigmaticlegacy:play_time_with_seven_curses":0,"minecraft:interact_with_furnace":46,"minecraft:mob_kills":24,"enigmaticlegacy:play_time_without_seven_curses":87166,"minecraft:interact_with_crafting_table":17,"minecraft:damage_dealt_resisted":227,"minecraft:time_since_death":39413,"minecraft:time_since_rest":39144,"minecraft:sprint_one_cm":184805,"minecraft:damage_taken":1272,"minecraft:walk_one_cm":206910,"minecraft:drop":25,"tombstone:eaten_lollipop":1,"minecraft:damage_dealt":4130,"minecraft:damage_dealt_absorbed":22,"minecraft:swim_one_cm":1489,"minecraft:fly_one_cm":230175,"minecraft:open_chest":15,"minecraft:crouch_one_cm":11348,"minecraft:play_time":87467,"tombstone:undead_killed":13,"minecraft:deaths":2,"minecraft:sneak_time":5417,"minecraft:walk_under_water_one_cm":794,"minecraft:jump":1490,"minecraft:walk_on_water_one_cm":6420,"minecraft:total_world_time":87467,"minecraft:fall_one_cm":39042},"minecraft:used":{"minecraft:wheat_seeds":8,"minecraft:diorite":2,"minecraft:stone_sword":56,"minecraft:stone_pickaxe":98,"tombstone:lollipop":1,"minecraft:cooked_chicken":4,"minecraft:rotten_flesh":14,"minecraft:iron_chestplate":1,"minecraft:white_wool":2,"minecraft:torch":3,"minecraft:dirt":15,"minecraft:mutton":1,"minecraft:crafting_table":1,"minecraft:diamond_pickaxe":41,"minecraft:apple":1,"spartanweaponry:iron_dagger":132,"minecraft:iron_helmet":1,"tombstone:grave_key":2,"minecraft:bow":9,"minecraft:cobblestone":9,"minecraft:cooked_porkchop":2,"minecraft:furnace":1,"tombstone:gift":2,"minecraft:egg":3,"minecraft:cobbled_deepslate":25,"minecraft:cooked_beef":2},"minecraft:dropped":{"sophisticatedbackpacks:iron_backpack":1,"minecraft:wheat_seeds":1,"minecraft:cooked_beef":1,"alexsmobs:acacia_blossom":1,"minecraft:cooked_chicken":2,"minecraft:rotten_flesh":1,"minecraft:leather":2,"crockpot:unknown_seeds":7,"minecraft:cooked_mutton":2,"minecraft:pumpkin_seeds":3,"enigmaticlegacy:cursed_ring":2,"minecraft:music_disc_13":1,"delchoco:gysahl_green_seeds":7,"iceandfire:rotten_egg":1,"tombstone:magic_scroll":1,"minecraft:spider_eye":3,"minecraft:acacia_planks":4,"farmersdelight:tomato_seeds":3},"minecraft:mined":{"minecraft:acacia_leaves":5,"iceandfire:silver_ore":1,"minecraft:deepslate_diamond_ore":2,"minecraft:torch":1,"minecraft:acacia_log":2,"minecraft:grass_block":7,"minecraft:tall_grass":11,"minecraft:cobblestone":4,"farmersdelight:wild_tomatoes":4,"minecraft:diorite":2,"minecraft:wall_torch":2,"minecraft:furnace":2,"minecraft:iron_ore":15,"minecraft:wheat":14,"minecraft:cobbled_deepslate":3,"minecraft:grass":57,"minecraft:deepslate_iron_ore":18,"minecraft:dirt":10,"minecraft:stone":14,"minecraft:deepslate":24}},"DataVersion":3465}