{"stats":{"minecraft:picked_up":{"delchoco:gysahl_green_seeds":3,"minecraft:feather":1,"minecraft:chicken":4,"minecraft:glow_ink_sac":1,"minecraft:leather":2,"alexsmobs:acacia_blossom":1,"croptopia:glowing_calamari":1,"doggytalents:rice_grains":3,"crockpot:unknown_seeds":5,"minecraft:dirt":6,"minecraft:wooden_sword":1,"minecraft:acacia_planks":4,"minecraft:apple":1,"minecraft:wheat_seeds":4,"minecraft:beef":1,"spartanweaponry:iron_dagger":1,"minecraft:acacia_sapling":2,"minecraft:egg":3,"minecraft:stick":1,"minecraft:raw_iron":16,"minecraft:acacia_log":2,"iceandfire:rotten_egg":1,"minecraft:spider_eye":1,"minecraft:rotten_flesh":4,"enigmaticlegacy:cursed_ring":1,"tombstone:magic_scroll":1,"minecraft:mutton":1,"minecraft:coal":1,"minecraft:white_wool":1,"minecraft:cobblestone":13},"minecraft:crafted":{"minecraft:cooked_beef":1,"minecraft:crafting_table":1,"minecraft:cooked_chicken":6,"minecraft:furnace":1,"minecraft:cooked_mutton":2,"minecraft:stick":4,"minecraft:stone_pickaxe":1,"minecraft:acacia_planks":8},"minecraft:killed":{"minecraft:spider":2,"minecraft:sheep":1,"minecraft:zombie":4,"minecraft:chicken":4,"minecraft:cow":1},"minecraft:custom":{"enigmaticlegacy:play_time_with_seven_curses":0,"minecraft:interact_with_furnace":18,"minecraft:mob_kills":12,"enigmaticlegacy:play_time_without_seven_curses":27467,"minecraft:interact_with_crafting_table":8,"minecraft:time_since_death":27467,"minecraft:time_since_rest":27467,"minecraft:sprint_one_cm":66085,"minecraft:damage_taken":280,"minecraft:walk_one_cm":46964,"minecraft:drop":13,"minecraft:damage_dealt":893,"minecraft:swim_one_cm":66,"minecraft:fly_one_cm":68863,"minecraft:open_chest":11,"minecraft:crouch_one_cm":3812,"minecraft:play_time":27467,"tombstone:undead_killed":4,"minecraft:sneak_time":1655,"minecraft:walk_under_water_one_cm":217,"minecraft:jump":451,"minecraft:walk_on_water_one_cm":2313,"minecraft:total_world_time":27467,"minecraft:fall_one_cm":13498},"minecraft:used":{"minecraft:stone_pickaxe":19,"minecraft:cooked_chicken":1,"minecraft:rotten_flesh":5,"minecraft:dirt":3,"minecraft:mutton":1,"minecraft:crafting_table":1,"spartanweaponry:iron_dagger":42,"minecraft:cobblestone":1,"minecraft:furnace":1,"minecraft:egg":3,"minecraft:cooked_beef":1},"minecraft:dropped":{"minecraft:wheat_seeds":1,"alexsmobs:acacia_blossom":1,"minecraft:cooked_chicken":2,"enigmaticlegacy:cursed_ring":2,"iceandfire:rotten_egg":1,"tombstone:magic_scroll":1,"minecraft:spider_eye":1,"minecraft:acacia_planks":4},"minecraft:mined":{"minecraft:acacia_leaves":5,"minecraft:acacia_log":2,"minecraft:grass_block":2,"minecraft:tall_grass":7,"minecraft:cobblestone":1,"minecraft:iron_ore":15,"minecraft:grass":26,"minecraft:deepslate_iron_ore":1,"minecraft:dirt":4,"minecraft:stone":1,"minecraft:deepslate":1}},"DataVersion":3465}