{"stats":{"minecraft:broken":{"spartanweaponry:iron_dagger":1,"minecraft:stone_sword":1,"minecraft:stone_pickaxe":1},"minecraft:crafted":{"minecraft:cooked_chicken":6,"minecraft:furnace":1,"minecraft:cooked_mutton":2,"minecraft:stone_pickaxe":1,"minecraft:wheat":54,"minecraft:cooked_beef":1,"minecraft:cooked_porkchop":2,"minecraft:crafting_table":1,"minecraft:iron_chestplate":1,"minecraft:stick":4,"minecraft:iron_ingot":36,"minecraft:iron_leggings":1,"minecraft:acacia_planks":8},"minecraft:picked_up":{"minecraft:wheat":106,"minecraft:chicken":4,"minecraft:wooden_pickaxe":1,"minecraft:enchanted_book":1,"minecraft:shield":1,"minecraft:wooden_sword":1,"minecraft:item_frame":6,"minecraft:experience_bottle":1,"minecraft:cobbled_deepslate":59,"minecraft:beef":1,"minecraft:egg":3,"minecraft:furnace":2,"minecraft:raw_iron":49,"minecraft:stick":7,"minecraft:acacia_log":3,"minecraft:torch":8,"farmersdelight:tomato_seeds":3,"iceandfire:rotten_egg":1,"tombstone:grave_dust":3,"minecraft:diorite":20,"tombstone:lollipop":1,"minecraft:stone_sword":1,"minecraft:arrow":6,"minecraft:rotten_flesh":14,"minecraft:hay_block":16,"minecraft:gold_ingot":1,"sophisticatedbackpacks:copper_backpack":1,"minecraft:mutton":3,"minecraft:white_wool":2,"minecraft:cobblestone":85,"delchoco:gysahl_green_seeds":14,"minecraft:feather":1,"minecraft:cooked_beef":2,"minecraft:glow_ink_sac":1,"minecraft:andesite":2,"minecraft:salmon":2,"minecraft:leather":2,"alexsmobs:acacia_blossom":1,"croptopia:glowing_calamari":1,"doggytalents:rice_grains":9,"minecraft:gunpowder":1,"crockpot:unknown_seeds":18,"minecraft:dirt":15,"minecraft:lantern":2,"minecraft:cooked_mutton":2,"minecraft:bone":6,"minecraft:acacia_planks":4,"minecraft:apple":3,"minecraft:bow":1,"minecraft:wheat_seeds":305,"minecraft:raw_gold":1,"spartanweaponry:iron_dagger":1,"minecraft:acacia_sapling":2,"minecraft:book":9,"minecraft:music_disc_13":1,"minecraft:soul_torch":1,"sophisticatedbackpacks:iron_backpack":1,"minecraft:spider_eye":4,"minecraft:mossy_cobblestone":4,"enigmaticlegacy:cursed_ring":1,"minecraft:diamond":2,"minecraft:iron_helmet":1,"minecraft:emerald":2,"tombstone:magic_scroll":1,"minecraft:oak_sapling":6,"minecraft:coal":33,"minecraft:diamond_pickaxe":1},"minecraft:killed":{"minecraft:spider":2,"minecraft:skeleton":2,"minecraft:chicken":4,"creeperoverhaul:cave_creeper":1,"endermanoverhaul:savanna_enderman":1,"minecraft:sheep":2,"minecraft:zombie":12,"minecraft:cow":1},"minecraft:custom":{"enigmaticlegacy:play_time_with_seven_curses":0,"minecraft:mob_kills":28,"minecraft:interact_with_crafting_table":17,"minecraft:damage_dealt_resisted":227,"minecraft:eat_cake_slice":7,"minecraft:time_since_death":63413,"minecraft:sprint_one_cm":290902,"minecraft:walk_one_cm":282965,"minecraft:drop":32,"tombstone:eaten_lollipop":1,"minecraft:damage_dealt_absorbed":22,"minecraft:talked_to_villager":1,"minecraft:play_time":111467,"minecraft:deaths":2,"minecraft:sneak_time":5788,"minecraft:walk_under_water_one_cm":1217,"minecraft:jump":2169,"minecraft:walk_on_water_one_cm":6548,"minecraft:total_world_time":111467,"minecraft:interact_with_furnace":46,"enigmaticlegacy:play_time_without_seven_curses":111166,"minecraft:interact_with_cartography_table":1,"minecraft:time_since_rest":63144,"minecraft:waystone_activated":1,"minecraft:damage_taken":1433,"minecraft:damage_dealt":4560,"minecraft:swim_one_cm":3853,"minecraft:fly_one_cm":364433,"minecraft:open_chest":16,"minecraft:crouch_one_cm":12579,"tombstone:undead_killed":14,"minecraft:fall_one_cm":55364},"minecraft:used":{"minecraft:stone_sword":112,"tombstone:lollipop":1,"minecraft:cooked_chicken":4,"minecraft:rotten_flesh":14,"minecraft:iron_chestplate":1,"minecraft:torch":3,"minecraft:dirt":15,"minecraft:mutton":3,"minecraft:iron_helmet":1,"minecraft:bow":9,"minecraft:furnace":1,"tombstone:gift":2,"minecraft:egg":3,"minecraft:cooked_beef":2,"minecraft:cobbled_deepslate":25,"minecraft:wheat_seeds":9,"minecraft:cooked_mutton":2,"minecraft:diorite":2,"minecraft:stone_pickaxe":98,"minecraft:white_wool":2,"minecraft:salmon":1,"minecraft:mossy_cobblestone":4,"minecraft:crafting_table":1,"minecraft:diamond_pickaxe":68,"minecraft:apple":3,"spartanweaponry:iron_dagger":132,"tombstone:grave_key":2,"minecraft:cobblestone":12,"minecraft:cooked_porkchop":2,"minecraft:experience_bottle":1},"minecraft:dropped":{"farmersdelight:tomato_seeds":3,"sophisticatedbackpacks:iron_backpack":1,"minecraft:wheat_seeds":1,"minecraft:cooked_beef":1,"minecraft:leather":2,"crockpot:unknown_seeds":13,"minecraft:music_disc_13":1,"delchoco:gysahl_green_seeds":7,"tombstone:magic_scroll":1,"minecraft:acacia_planks":4,"alexsmobs:acacia_blossom":1,"minecraft:cooked_chicken":2,"minecraft:rotten_flesh":1,"minecraft:cooked_mutton":2,"minecraft:pumpkin_seeds":3,"enigmaticlegacy:cursed_ring":2,"iceandfire:rotten_egg":1,"minecraft:spider_eye":4},"minecraft:mined":{"delchoco:gysahl_green":1,"iceandfire:silver_ore":1,"minecraft:deepslate_diamond_ore":2,"biomesoplenty:desert_grass":1,"minecraft:acacia_log":2,"minecraft:grass_block":7,"minecraft:hay_block":17,"minecraft:furnace":2,"minecraft:iron_ore":30,"minecraft:cobbled_deepslate":3,"minecraft:turtle_egg":1,"minecraft:deepslate_iron_ore":18,"minecraft:lantern":2,"minecraft:stone":18,"minecraft:acacia_leaves":6,"minecraft:soul_torch":1,"minecraft:blue_stained_glass":1,"minecraft:torch":1,"minecraft:emerald_ore":2,"minecraft:tall_grass":18,"minecraft:cobblestone":4,"farmersdelight:wild_tomatoes":4,"minecraft:diorite":2,"minecraft:wall_torch":2,"minecraft:wheat":17,"minecraft:grass":89,"minecraft:coal_ore":3,"minecraft:dirt":10,"minecraft:oak_leaves":4,"minecraft:deepslate":24}},"DataVersion":3465}