{"stats":{"minecraft:crafted":{"minecraft:crafting_table":1,"minecraft:cooked_chicken":5,"minecraft:furnace":1,"minecraft:acacia_planks":8},"minecraft:picked_up":{"delchoco:gysahl_green_seeds":2,"minecraft:stick":1,"minecraft:feather":1,"minecraft:chicken":4,"minecraft:leather":2,"alexsmobs:acacia_blossom":1,"minecraft:acacia_log":2,"doggytalents:rice_grains":3,"iceandfire:rotten_egg":1,"crockpot:unknown_seeds":5,"minecraft:spider_eye":1,"minecraft:dirt":5,"minecraft:wooden_sword":1,"minecraft:acacia_planks":4,"minecraft:rotten_flesh":3,"enigmaticlegacy:cursed_ring":1,"minecraft:wheat_seeds":3,"minecraft:beef":1,"tombstone:magic_scroll":1,"minecraft:coal":1,"spartanweaponry:iron_dagger":1,"minecraft:mutton":1,"minecraft:acacia_sapling":2,"minecraft:white_wool":1,"minecraft:cobblestone":12,"minecraft:egg":3},"minecraft:killed":{"minecraft:sheep":1,"minecraft:zombie":4,"minecraft:chicken":4,"minecraft:spider":1,"minecraft:cow":1},"minecraft:custom":{"minecraft:time_since_rest":15467,"enigmaticlegacy:play_time_with_seven_curses":0,"minecraft:interact_with_furnace":6,"minecraft:sprint_one_cm":47313,"minecraft:damage_taken":260,"minecraft:walk_one_cm":27443,"minecraft:mob_kills":11,"minecraft:drop":12,"minecraft:damage_dealt":886,"enigmaticlegacy:play_time_without_seven_curses":15467,"minecraft:interact_with_crafting_table":3,"minecraft:fly_one_cm":56938,"minecraft:open_chest":4,"minecraft:crouch_one_cm":751,"minecraft:play_time":15467,"tombstone:undead_killed":4,"minecraft:sneak_time":235,"minecraft:jump":297,"minecraft:time_since_death":15467,"minecraft:total_world_time":15467,"minecraft:fall_one_cm":8650},"minecraft:used":{"spartanweaponry:iron_dagger":41,"minecraft:cooked_chicken":1,"minecraft:rotten_flesh":5,"minecraft:dirt":3,"minecraft:mutton":1,"minecraft:crafting_table":1,"minecraft:furnace":1,"minecraft:egg":2},"minecraft:dropped":{"minecraft:wheat_seeds":1,"minecraft:cooked_chicken":2,"iceandfire:rotten_egg":1,"tombstone:magic_scroll":1,"minecraft:spider_eye":1,"minecraft:acacia_planks":4,"enigmaticlegacy:cursed_ring":2},"minecraft:mined":{"minecraft:acacia_leaves":5,"minecraft:grass":26,"minecraft:acacia_log":2,"minecraft:grass_block":1,"minecraft:dirt":4,"minecraft:tall_grass":7}},"DataVersion":3465}