{"stats":{"minecraft:broken":{"minecraft:wooden_axe":1},"minecraft:crafted":{"minecraft:wooden_sword":1,"minecraft:crafting_table":1,"minecraft:stick":8,"minecraft:wooden_pickaxe":1,"minecraft:wooden_axe":1,"minecraft:acacia_planks":72},"minecraft:picked_up":{"minecraft:chicken":1,"delchoco:gysahl_green_seeds":1,"minecraft:stick":2,"minecraft:crafting_table":2,"minecraft:feather":1,"alexsmobs:acacia_blossom":1,"minecraft:acacia_log":18,"doggytalents:rice_grains":2,"tombstone:grave_dust":2,"crockpot:unknown_seeds":1,"minecraft:dirt":1,"tombstone:lollipop":1,"minecraft:rotten_flesh":2,"enigmaticlegacy:cursed_ring":1,"minecraft:wheat_seeds":2,"tombstone:bag_of_seeds":1,"minecraft:mutton":5,"minecraft:acacia_sapling":5,"minecraft:white_wool":5,"minecraft:cobblestone":9},"minecraft:killed":{"minecraft:sheep":4,"minecraft:husk":1,"minecraft:zombie":7,"minecraft:chicken":1,"minecraft:spider":1,"creeperoverhaul:savannah_creeper":2},"minecraft:custom":{"minecraft:time_since_rest":10830,"enigmaticlegacy:play_time_with_seven_curses":0,"minecraft:sprint_one_cm":46467,"minecraft:damage_taken":495,"minecraft:walk_one_cm":94656,"minecraft:mob_kills":17,"minecraft:drop":3,"tombstone:eaten_lollipop":1,"minecraft:damage_dealt":2753,"enigmaticlegacy:play_time_without_seven_curses":21511,"minecraft:interact_with_crafting_table":3,"minecraft:fly_one_cm":169607,"minecraft:crouch_one_cm":9,"minecraft:play_time":21540,"tombstone:undead_killed":8,"minecraft:deaths":1,"minecraft:sneak_time":4,"minecraft:jump":667,"minecraft:leave_game":3,"minecraft:time_since_death":11325,"minecraft:total_world_time":21540,"minecraft:fall_one_cm":27070},"minecraft:used":{"minecraft:wooden_axe":49,"minecraft:wooden_pickaxe":9,"tombstone:lollipop":1,"minecraft:rotten_flesh":2,"minecraft:white_wool":1,"minecraft:wooden_sword":64,"minecraft:dirt":1,"minecraft:crafting_table":2,"alexsmobs:animal_dictionary":1},"minecraft:dropped":{"minecraft:acacia_sapling":1,"enigmaticlegacy:cursed_ring":2},"minecraft:mined":{"minecraft:acacia_leaves":1,"minecraft:crafting_table":2,"minecraft:grass":18,"minecraft:acacia_log":27,"minecraft:grass_block":1,"minecraft:tall_grass":1,"minecraft:stone":9,"minecraft:white_wool":1}},"DataVersion":3465}