{"stats":{"minecraft:broken":{"minecraft:stone_pickaxe":2,"minecraft:wooden_axe":1,"minecraft:wooden_pickaxe":1},"minecraft:picked_up":{"delchoco:gysahl_green_seeds":1,"minecraft:crafting_table":2,"minecraft:feather":1,"minecraft:chicken":1,"minecraft:andesite":2,"alexsmobs:acacia_blossom":1,"doggytalents:rice_grains":2,"crockpot:unknown_seeds":1,"minecraft:dirt":4,"minecraft:bow":2,"minecraft:wheat_seeds":2,"minecraft:cobbled_deepslate":85,"minecraft:stone_pickaxe":2,"tombstone:bag_of_seeds":1,"minecraft:iron_pickaxe":1,"minecraft:acacia_sapling":5,"minecraft:stick":2,"minecraft:raw_iron":41,"minecraft:torch":3,"minecraft:acacia_log":18,"tombstone:grave_dust":4,"minecraft:diorite":19,"minecraft:mossy_cobblestone":4,"tombstone:lollipop":1,"minecraft:arrow":4,"minecraft:rotten_flesh":7,"enigmaticlegacy:cursed_ring":1,"minecraft:diamond":1,"minecraft:stone_axe":1,"minecraft:mutton":5,"minecraft:coal":19,"minecraft:white_wool":5,"minecraft:cobblestone":169},"minecraft:crafted":{"minecraft:cooked_beef":3,"minecraft:wooden_sword":1,"minecraft:crafting_table":1,"minecraft:wooden_pickaxe":2,"minecraft:stick":20,"minecraft:stone_pickaxe":1,"minecraft:wooden_axe":1,"minecraft:acacia_planks":72,"minecraft:torch":32},"minecraft:killed":{"minecraft:husk":1,"minecraft:zombie_villager":1,"minecraft:spider":1,"minecraft:skeleton":1,"minecraft:sheep":4,"minecraft:zombie":11,"minecraft:chicken":1,"creeperoverhaul:savannah_creeper":2},"minecraft:custom":{"enigmaticlegacy:play_time_with_seven_curses":0,"minecraft:interact_with_furnace":4,"minecraft:mob_kills":23,"enigmaticlegacy:play_time_without_seven_curses":69960,"minecraft:interact_with_crafting_table":7,"minecraft:leave_game":3,"minecraft:time_since_death":4112,"minecraft:time_since_rest":3859,"minecraft:sprint_one_cm":150683,"minecraft:damage_taken":1253,"minecraft:walk_one_cm":185795,"minecraft:drop":5,"tombstone:eaten_lollipop":1,"minecraft:damage_dealt":4110,"minecraft:fly_one_cm":365908,"minecraft:open_chest":19,"minecraft:crouch_one_cm":4404,"minecraft:play_time":68580,"tombstone:undead_killed":14,"minecraft:deaths":4,"minecraft:sneak_time":1661,"minecraft:walk_under_water_one_cm":69,"minecraft:jump":1637,"minecraft:walk_on_water_one_cm":3814,"minecraft:total_world_time":68580,"minecraft:fall_one_cm":47260},"minecraft:used":{"minecraft:diorite":1,"minecraft:stone_pickaxe":181,"minecraft:wooden_pickaxe":59,"tombstone:lollipop":1,"minecraft:rotten_flesh":7,"minecraft:white_wool":1,"minecraft:torch":4,"minecraft:dirt":3,"minecraft:crafting_table":2,"minecraft:wooden_axe":49,"minecraft:iron_pickaxe":140,"minecraft:stone_axe":9,"minecraft:wooden_sword":64,"minecraft:bow":5,"tombstone:gift":3,"alexsmobs:animal_dictionary":1,"minecraft:cooked_beef":1,"minecraft:cobbled_deepslate":42},"minecraft:dropped":{"minecraft:cobbled_deepslate":9,"enigmaticlegacy:cursed_ring":2,"minecraft:acacia_sapling":1,"minecraft:stone_pickaxe":1},"minecraft:mined":{"minecraft:acacia_leaves":1,"minecraft:mossy_cobblestone":4,"minecraft:crafting_table":2,"minecraft:acacia_log":27,"minecraft:grass_block":3,"minecraft:tall_grass":1,"minecraft:cobblestone":2,"minecraft:diorite":19,"minecraft:wall_torch":2,"minecraft:iron_ore":2,"minecraft:andesite":2,"minecraft:grass":19,"minecraft:coal_ore":19,"minecraft:deepslate_iron_ore":39,"minecraft:dirt":1,"minecraft:stone":166,"minecraft:white_wool":1,"minecraft:deepslate":87}},"DataVersion":3465}