{"stats":{"minecraft:broken":{"minecraft:stone_pickaxe":2,"minecraft:iron_pickaxe":1,"minecraft:wooden_axe":1,"minecraft:wooden_pickaxe":1},"minecraft:picked_up":{"delchoco:gysahl_green_seeds":5,"minecraft:crafting_table":4,"minecraft:wheat":20,"minecraft:feather":1,"minecraft:chicken":1,"minecraft:andesite":2,"minecraft:leather":1,"alexsmobs:acacia_blossom":1,"doggytalents:rice_grains":3,"minecraft:flint":1,"crockpot:unknown_seeds":1,"minecraft:string":1,"minecraft:dirt":6,"minecraft:item_frame":1,"minecraft:bow":2,"minecraft:wheat_seeds":49,"minecraft:cobbled_deepslate":85,"minecraft:stone_pickaxe":2,"tombstone:bag_of_seeds":1,"minecraft:iron_pickaxe":1,"minecraft:chest":1,"minecraft:acacia_sapling":7,"minecraft:stick":5,"minecraft:raw_iron":46,"delchoco:gysahl_green":4,"minecraft:torch":3,"minecraft:acacia_log":33,"minecraft:gravel":11,"tombstone:grave_dust":5,"minecraft:diorite":21,"minecraft:mossy_cobblestone":4,"tombstone:lollipop":1,"minecraft:arrow":4,"minecraft:lime_carpet":1,"minecraft:rotten_flesh":22,"enigmaticlegacy:cursed_ring":1,"minecraft:diamond":1,"minecraft:stone_axe":1,"waystones:waystone":1,"minecraft:honey_block":13,"minecraft:hay_block":15,"minecraft:gold_ingot":1,"minecraft:emerald":2,"tombstone:magic_scroll":1,"minecraft:oak_sapling":1,"minecraft:mutton":5,"minecraft:coal":19,"iceandfire:raw_silver":1,"minecraft:white_wool":5,"minecraft:cobblestone":196},"minecraft:crafted":{"minecraft:cooked_beef":3,"minecraft:wooden_sword":1,"sophisticatedbackpacks:backpack":2,"minecraft:crafting_table":2,"minecraft:wooden_pickaxe":2,"minecraft:iron_helmet":1,"minecraft:iron_sword":1,"minecraft:bread":36,"minecraft:air":0,"minecraft:iron_boots":1,"minecraft:iron_chestplate":1,"minecraft:shield":1,"minecraft:stick":28,"minecraft:iron_ingot":36,"minecraft:stone_pickaxe":1,"minecraft:iron_pickaxe":1,"minecraft:wooden_axe":1,"minecraft:chest":1,"minecraft:iron_leggings":1,"minecraft:white_bed":2,"minecraft:acacia_planks":132,"minecraft:torch":32,"minecraft:wheat":90},"minecraft:killed":{"minecraft:husk":1,"minecraft:zombie_villager":1,"minecraft:spider":2,"dungeonsweaponry:enchanter":1,"minecraft:sheep":4,"dungeonsweaponry:mountaineer":1,"minecraft:skeleton":1,"minecraft:zombie":20,"minecraft:chicken":1,"creeperoverhaul:savannah_creeper":2},"minecraft:custom":{"enigmaticlegacy:play_time_with_seven_curses":0,"minecraft:interact_with_furnace":15,"spartanshields:shield_bash_hits":2,"minecraft:mob_kills":35,"enigmaticlegacy:play_time_without_seven_curses":123292,"minecraft:interact_with_crafting_table":21,"minecraft:leave_game":4,"minecraft:time_since_death":57444,"minecraft:waystone_activated":2,"minecraft:time_since_rest":57191,"minecraft:sprint_one_cm":294110,"minecraft:damage_taken":1644,"minecraft:walk_one_cm":285833,"minecraft:damage_blocked_by_shield":30,"minecraft:drop":18,"tombstone:eaten_lollipop":1,"minecraft:damage_dealt":6409,"minecraft:swim_one_cm":520,"minecraft:fly_one_cm":641590,"minecraft:open_chest":67,"minecraft:play_time":121912,"minecraft:crouch_one_cm":6607,"minecraft:sneak_time":2142,"tombstone:undead_killed":23,"minecraft:deaths":4,"minecraft:walk_under_water_one_cm":736,"minecraft:jump":2732,"minecraft:walk_on_water_one_cm":5093,"minecraft:fall_one_cm":84733,"minecraft:total_world_time":121912},"minecraft:used":{"minecraft:wheat_seeds":8,"minecraft:stone_pickaxe":181,"minecraft:wooden_pickaxe":59,"minecraft:shield":2,"minecraft:iron_sword":55,"tombstone:lollipop":1,"minecraft:rotten_flesh":11,"minecraft:white_wool":1,"minecraft:torch":4,"minecraft:dirt":3,"minecraft:crafting_table":4,"waystones:waystone":1,"minecraft:wooden_axe":49,"minecraft:honey_block":1,"minecraft:bread":14,"minecraft:iron_pickaxe":180,"minecraft:cobblestone":15,"minecraft:stone_axe":25,"minecraft:wooden_sword":64,"minecraft:bow":6,"tombstone:gift":3,"alexsmobs:animal_dictionary":1,"minecraft:cooked_beef":1,"minecraft:cobbled_deepslate":42,"minecraft:diorite":1},"minecraft:dropped":{"minecraft:gravel":11,"iceandfire:raw_silver":1,"minecraft:wheat_seeds":34,"minecraft:cooked_beef":2,"minecraft:cobbled_deepslate":9,"sophisticatedbackpacks:backpack":1,"enigmaticlegacy:cursed_ring":2,"minecraft:shield":1,"delchoco:gysahl_green_seeds":1,"minecraft:honey_block":12,"minecraft:acacia_sapling":1,"minecraft:lime_carpet":1,"minecraft:stone_pickaxe":1},"minecraft:mined":{"minecraft:acacia_leaves":1,"minecraft:glass_pane":2,"iceandfire:silver_ore":1,"minecraft:mossy_cobblestone":4,"biomesoplenty:desert_grass":1,"minecraft:crafting_table":4,"minecraft:acacia_log":37,"minecraft:emerald_ore":2,"minecraft:grass_block":3,"minecraft:glass":2,"minecraft:tall_grass":4,"minecraft:cobblestone":4,"minecraft:wall_torch":2,"minecraft:diorite":21,"minecraft:hay_block":15,"minecraft:iron_ore":7,"minecraft:andesite":2,"minecraft:grass":28,"minecraft:coal_ore":19,"minecraft:deepslate_iron_ore":39,"minecraft:dirt":3,"minecraft:stone":191,"minecraft:white_wool":1,"minecraft:oak_leaves":1,"minecraft:deepslate":87}},"DataVersion":3465}