{"stats":{"minecraft:crafted":{"minecraft:acacia_planks":16,"minecraft:crafting_table":1,"minecraft:stick":4,"minecraft:wooden_axe":1},"minecraft:picked_up":{"minecraft:crafting_table":1,"enigmaticlegacy:cursed_ring":1,"alexsmobs:acacia_blossom":1,"minecraft:wheat_seeds":2,"minecraft:acacia_log":4,"doggytalents:rice_grains":1,"minecraft:acacia_sapling":1,"minecraft:dirt":1},"minecraft:killed":{"minecraft:spider":1,"minecraft:zombie":2,"creeperoverhaul:savannah_creeper":1},"minecraft:custom":{"minecraft:deaths":1,"minecraft:time_since_rest":1732,"enigmaticlegacy:play_time_with_seven_curses":0,"minecraft:sprint_one_cm":31912,"minecraft:play_time":12442,"tombstone:undead_killed":2,"minecraft:damage_taken":225,"minecraft:walk_one_cm":26344,"minecraft:mob_kills":4,"minecraft:drop":3,"minecraft:jump":472,"minecraft:damage_dealt":951,"minecraft:leave_game":2,"minecraft:time_since_death":2227,"enigmaticlegacy:play_time_without_seven_curses":12413,"minecraft:total_world_time":12442,"minecraft:interact_with_crafting_table":2,"minecraft:fall_one_cm":22890,"minecraft:fly_one_cm":131473},"minecraft:used":{"minecraft:wooden_axe":30,"minecraft:dirt":1,"minecraft:crafting_table":1,"alexsmobs:animal_dictionary":1},"minecraft:dropped":{"minecraft:acacia_sapling":1,"enigmaticlegacy:cursed_ring":2},"minecraft:mined":{"minecraft:grass_block":1,"minecraft:grass":8,"minecraft:acacia_log":13,"minecraft:acacia_leaves":1,"minecraft:crafting_table":1}},"DataVersion":3465}