{"stats":{"minecraft:broken":{"minecraft:stone_pickaxe":1,"minecraft:wooden_axe":1},"minecraft:picked_up":{"delchoco:gysahl_green_seeds":1,"minecraft:crafting_table":2,"minecraft:feather":1,"minecraft:chicken":1,"alexsmobs:acacia_blossom":1,"doggytalents:rice_grains":2,"crockpot:unknown_seeds":1,"minecraft:dirt":4,"minecraft:bow":1,"minecraft:wheat_seeds":2,"minecraft:cobbled_deepslate":23,"minecraft:stone_pickaxe":2,"tombstone:bag_of_seeds":1,"minecraft:acacia_sapling":5,"minecraft:stick":2,"minecraft:raw_iron":41,"minecraft:torch":2,"minecraft:acacia_log":18,"tombstone:grave_dust":4,"minecraft:diorite":1,"tombstone:lollipop":1,"minecraft:arrow":2,"minecraft:rotten_flesh":7,"enigmaticlegacy:cursed_ring":1,"minecraft:diamond":1,"minecraft:stone_axe":1,"minecraft:mutton":5,"minecraft:coal":19,"minecraft:white_wool":5,"minecraft:cobblestone":25},"minecraft:crafted":{"minecraft:cooked_beef":3,"minecraft:wooden_sword":1,"minecraft:crafting_table":1,"minecraft:wooden_pickaxe":2,"minecraft:stick":20,"minecraft:stone_pickaxe":1,"minecraft:wooden_axe":1,"minecraft:acacia_planks":72,"minecraft:torch":32},"minecraft:killed":{"minecraft:husk":1,"minecraft:spider":1,"minecraft:sheep":4,"minecraft:zombie":10,"minecraft:chicken":1,"creeperoverhaul:savannah_creeper":2},"minecraft:custom":{"enigmaticlegacy:play_time_with_seven_curses":0,"minecraft:interact_with_furnace":3,"minecraft:mob_kills":20,"enigmaticlegacy:play_time_without_seven_curses":57994,"minecraft:interact_with_crafting_table":7,"minecraft:leave_game":3,"minecraft:time_since_death":13028,"minecraft:time_since_rest":12577,"minecraft:sprint_one_cm":139428,"minecraft:damage_taken":1123,"minecraft:walk_one_cm":163631,"minecraft:drop":5,"tombstone:eaten_lollipop":1,"minecraft:damage_dealt":3564,"minecraft:fly_one_cm":354160,"minecraft:open_chest":11,"minecraft:crouch_one_cm":3083,"minecraft:play_time":56580,"tombstone:undead_killed":11,"minecraft:deaths":3,"minecraft:sneak_time":1192,"minecraft:walk_under_water_one_cm":69,"minecraft:jump":1418,"minecraft:walk_on_water_one_cm":3728,"minecraft:total_world_time":56580,"minecraft:fall_one_cm":46376},"minecraft:used":{"minecraft:diorite":1,"minecraft:stone_pickaxe":109,"minecraft:wooden_pickaxe":36,"tombstone:lollipop":1,"minecraft:rotten_flesh":7,"minecraft:white_wool":1,"minecraft:torch":2,"minecraft:dirt":3,"minecraft:crafting_table":2,"minecraft:wooden_axe":49,"minecraft:stone_axe":2,"minecraft:wooden_sword":64,"minecraft:bow":2,"tombstone:gift":3,"alexsmobs:animal_dictionary":1,"minecraft:cooked_beef":1,"minecraft:cobbled_deepslate":13},"minecraft:dropped":{"minecraft:cobbled_deepslate":9,"enigmaticlegacy:cursed_ring":2,"minecraft:acacia_sapling":1,"minecraft:stone_pickaxe":1},"minecraft:mined":{"minecraft:acacia_leaves":1,"minecraft:crafting_table":2,"minecraft:acacia_log":27,"minecraft:grass_block":3,"minecraft:tall_grass":1,"minecraft:cobblestone":1,"minecraft:diorite":1,"minecraft:wall_torch":1,"minecraft:iron_ore":2,"minecraft:grass":19,"minecraft:coal_ore":19,"minecraft:deepslate_iron_ore":39,"minecraft:dirt":1,"minecraft:stone":23,"minecraft:white_wool":1,"minecraft:deepslate":25}},"DataVersion":3465}