{"stats":{"minecraft:crafted":{"minecraft:acacia_planks":8},"minecraft:custom":{"minecraft:jump":56,"minecraft:time_since_rest":1834,"enigmaticlegacy:play_time_with_seven_curses":0,"minecraft:damage_dealt":100,"minecraft:leave_game":1,"minecraft:sprint_one_cm":7112,"minecraft:play_time":1834,"minecraft:time_since_death":1834,"minecraft:walk_one_cm":5435,"enigmaticlegacy:play_time_without_seven_curses":1834,"minecraft:total_world_time":1834,"minecraft:drop":2,"minecraft:fall_one_cm":2067,"minecraft:fly_one_cm":16636},"minecraft:mined":{"minecraft:grass":2,"minecraft:acacia_log":2},"minecraft:picked_up":{"enigmaticlegacy:cursed_ring":1,"minecraft:acacia_log":2},"minecraft:dropped":{"enigmaticlegacy:cursed_ring":2}},"DataVersion":3465}