{"stats":{"minecraft:broken":{"minecraft:wooden_axe":1},"minecraft:picked_up":{"delchoco:gysahl_green_seeds":1,"minecraft:crafting_table":2,"minecraft:feather":1,"minecraft:chicken":1,"alexsmobs:acacia_blossom":1,"doggytalents:rice_grains":2,"crockpot:unknown_seeds":1,"minecraft:dirt":4,"minecraft:wheat_seeds":2,"minecraft:cobbled_deepslate":13,"tombstone:bag_of_seeds":1,"minecraft:acacia_sapling":5,"minecraft:stick":2,"minecraft:raw_iron":27,"minecraft:acacia_log":18,"tombstone:grave_dust":2,"minecraft:diorite":1,"tombstone:lollipop":1,"minecraft:rotten_flesh":2,"enigmaticlegacy:cursed_ring":1,"minecraft:diamond":1,"minecraft:mutton":5,"minecraft:coal":19,"minecraft:white_wool":5,"minecraft:cobblestone":25},"minecraft:crafted":{"minecraft:cooked_beef":3,"minecraft:wooden_sword":1,"minecraft:crafting_table":1,"minecraft:wooden_pickaxe":2,"minecraft:stick":20,"minecraft:stone_pickaxe":1,"minecraft:wooden_axe":1,"minecraft:acacia_planks":72,"minecraft:torch":32},"minecraft:killed":{"minecraft:husk":1,"minecraft:spider":1,"minecraft:sheep":4,"minecraft:zombie":7,"minecraft:chicken":1,"creeperoverhaul:savannah_creeper":2},"minecraft:custom":{"enigmaticlegacy:play_time_with_seven_curses":0,"minecraft:interact_with_furnace":3,"minecraft:mob_kills":17,"enigmaticlegacy:play_time_without_seven_curses":45994,"minecraft:interact_with_crafting_table":7,"minecraft:leave_game":3,"minecraft:time_since_death":1028,"minecraft:time_since_rest":577,"minecraft:sprint_one_cm":107848,"minecraft:damage_taken":915,"minecraft:walk_one_cm":133767,"minecraft:drop":3,"tombstone:eaten_lollipop":1,"minecraft:damage_dealt":2732,"minecraft:fly_one_cm":288578,"minecraft:open_chest":11,"minecraft:crouch_one_cm":1209,"minecraft:play_time":44580,"tombstone:undead_killed":8,"minecraft:deaths":3,"minecraft:sneak_time":529,"minecraft:walk_under_water_one_cm":69,"minecraft:jump":1181,"minecraft:walk_on_water_one_cm":3440,"minecraft:total_world_time":44580,"minecraft:fall_one_cm":40150},"minecraft:used":{"minecraft:diorite":1,"minecraft:stone_pickaxe":72,"minecraft:wooden_pickaxe":20,"tombstone:lollipop":1,"minecraft:rotten_flesh":2,"minecraft:white_wool":1,"minecraft:torch":1,"minecraft:dirt":3,"minecraft:crafting_table":2,"minecraft:wooden_axe":49,"minecraft:wooden_sword":64,"tombstone:gift":2,"alexsmobs:animal_dictionary":1,"minecraft:cooked_beef":1,"minecraft:cobbled_deepslate":13},"minecraft:dropped":{"enigmaticlegacy:cursed_ring":2,"minecraft:acacia_sapling":1},"minecraft:mined":{"minecraft:acacia_leaves":1,"minecraft:crafting_table":2,"minecraft:acacia_log":27,"minecraft:grass_block":3,"minecraft:tall_grass":1,"minecraft:cobblestone":1,"minecraft:diorite":1,"minecraft:iron_ore":2,"minecraft:grass":19,"minecraft:coal_ore":19,"minecraft:deepslate_iron_ore":25,"minecraft:dirt":1,"minecraft:stone":23,"minecraft:white_wool":1,"minecraft:deepslate":14}},"DataVersion":3465}