{"stats":{"minecraft:broken":{"minecraft:stone_pickaxe":2,"minecraft:iron_pickaxe":1,"minecraft:wooden_axe":1,"minecraft:wooden_pickaxe":1},"minecraft:picked_up":{"minecraft:wheat":20,"delchoco:gysahl_green_seeds":4,"minecraft:crafting_table":4,"minecraft:feather":1,"minecraft:chicken":1,"minecraft:andesite":2,"minecraft:leather":1,"alexsmobs:acacia_blossom":1,"doggytalents:rice_grains":2,"minecraft:flint":1,"crockpot:unknown_seeds":1,"minecraft:dirt":6,"minecraft:item_frame":1,"minecraft:bow":2,"minecraft:wheat_seeds":48,"minecraft:cobbled_deepslate":85,"minecraft:stone_pickaxe":2,"tombstone:bag_of_seeds":1,"minecraft:iron_pickaxe":1,"minecraft:chest":1,"minecraft:acacia_sapling":7,"minecraft:stick":5,"minecraft:raw_iron":41,"delchoco:gysahl_green":4,"minecraft:torch":3,"minecraft:acacia_log":33,"minecraft:gravel":11,"tombstone:grave_dust":4,"minecraft:diorite":21,"minecraft:lime_carpet":1,"minecraft:mossy_cobblestone":4,"tombstone:lollipop":1,"minecraft:arrow":4,"minecraft:rotten_flesh":16,"enigmaticlegacy:cursed_ring":1,"minecraft:diamond":1,"minecraft:stone_axe":1,"waystones:waystone":1,"minecraft:honey_block":13,"minecraft:hay_block":15,"minecraft:emerald":2,"minecraft:gold_ingot":1,"minecraft:oak_sapling":1,"tombstone:magic_scroll":1,"iceandfire:raw_silver":1,"minecraft:mutton":5,"minecraft:coal":19,"minecraft:white_wool":5,"minecraft:cobblestone":196},"minecraft:crafted":{"minecraft:cooked_beef":3,"minecraft:wooden_sword":1,"sophisticatedbackpacks:backpack":2,"minecraft:crafting_table":2,"minecraft:wooden_pickaxe":2,"minecraft:iron_helmet":1,"minecraft:iron_sword":1,"minecraft:bread":36,"minecraft:air":0,"minecraft:iron_boots":1,"minecraft:iron_chestplate":1,"minecraft:shield":1,"minecraft:stick":28,"minecraft:iron_pickaxe":1,"minecraft:iron_ingot":36,"minecraft:stone_pickaxe":1,"minecraft:wooden_axe":1,"minecraft:white_bed":2,"minecraft:chest":1,"minecraft:iron_leggings":1,"minecraft:acacia_planks":132,"minecraft:torch":32,"minecraft:wheat":90},"minecraft:killed":{"minecraft:husk":1,"minecraft:zombie_villager":1,"dungeonsweaponry:enchanter":1,"minecraft:spider":1,"dungeonsweaponry:mountaineer":1,"minecraft:skeleton":1,"minecraft:sheep":4,"minecraft:zombie":17,"minecraft:chicken":1,"creeperoverhaul:savannah_creeper":2},"minecraft:custom":{"enigmaticlegacy:play_time_with_seven_curses":0,"minecraft:interact_with_furnace":15,"minecraft:mob_kills":31,"enigmaticlegacy:play_time_without_seven_curses":117960,"minecraft:interact_with_crafting_table":21,"minecraft:leave_game":3,"minecraft:time_since_death":52112,"minecraft:waystone_activated":2,"minecraft:time_since_rest":51859,"minecraft:sprint_one_cm":275274,"minecraft:damage_taken":1502,"minecraft:walk_one_cm":270631,"minecraft:damage_blocked_by_shield":30,"minecraft:drop":18,"tombstone:eaten_lollipop":1,"minecraft:damage_dealt":5678,"minecraft:swim_one_cm":520,"minecraft:fly_one_cm":598908,"minecraft:open_chest":67,"minecraft:crouch_one_cm":6607,"minecraft:play_time":116580,"tombstone:undead_killed":20,"minecraft:deaths":4,"minecraft:sneak_time":2142,"minecraft:walk_under_water_one_cm":736,"minecraft:jump":2580,"minecraft:walk_on_water_one_cm":5004,"minecraft:total_world_time":116580,"minecraft:fall_one_cm":80261,"spartanshields:shield_bash_hits":2},"minecraft:used":{"minecraft:wheat_seeds":8,"minecraft:diorite":1,"minecraft:stone_pickaxe":181,"minecraft:shield":2,"minecraft:wooden_pickaxe":59,"minecraft:iron_sword":38,"tombstone:lollipop":1,"minecraft:rotten_flesh":11,"minecraft:white_wool":1,"minecraft:torch":4,"minecraft:dirt":3,"minecraft:crafting_table":4,"waystones:waystone":1,"minecraft:wooden_axe":49,"minecraft:honey_block":1,"minecraft:bread":10,"minecraft:iron_pickaxe":175,"minecraft:stone_axe":25,"minecraft:cobblestone":15,"minecraft:wooden_sword":64,"minecraft:bow":6,"tombstone:gift":3,"alexsmobs:animal_dictionary":1,"minecraft:cooked_beef":1,"minecraft:cobbled_deepslate":42},"minecraft:dropped":{"minecraft:gravel":11,"iceandfire:raw_silver":1,"minecraft:wheat_seeds":34,"minecraft:cooked_beef":2,"minecraft:cobbled_deepslate":9,"sophisticatedbackpacks:backpack":1,"enigmaticlegacy:cursed_ring":2,"minecraft:shield":1,"delchoco:gysahl_green_seeds":1,"minecraft:honey_block":12,"minecraft:lime_carpet":1,"minecraft:acacia_sapling":1,"minecraft:stone_pickaxe":1},"minecraft:mined":{"minecraft:acacia_leaves":1,"minecraft:glass_pane":2,"iceandfire:silver_ore":1,"minecraft:mossy_cobblestone":4,"minecraft:crafting_table":4,"minecraft:emerald_ore":2,"minecraft:acacia_log":37,"minecraft:grass_block":3,"minecraft:glass":2,"minecraft:tall_grass":4,"minecraft:cobblestone":4,"minecraft:diorite":21,"minecraft:wall_torch":2,"minecraft:hay_block":15,"minecraft:iron_ore":2,"minecraft:andesite":2,"minecraft:grass":24,"minecraft:coal_ore":19,"minecraft:deepslate_iron_ore":39,"minecraft:dirt":3,"minecraft:stone":191,"minecraft:oak_leaves":1,"minecraft:white_wool":1,"minecraft:deepslate":87}},"DataVersion":3465}