{"stats":{"minecraft:broken":{"minecraft:wooden_pickaxe":1,"minecraft:stone_pickaxe":2,"minecraft:iron_pickaxe":1,"minecraft:wooden_axe":1},"minecraft:crafted":{"minecraft:wooden_sword":1,"minecraft:iron_boots":1,"minecraft:stone_pickaxe":1,"minecraft:chest":3,"minecraft:wheat":108,"minecraft:cooked_beef":3,"sophisticatedbackpacks:backpack":2,"minecraft:crafting_table":3,"minecraft:wooden_pickaxe":2,"minecraft:iron_helmet":3,"minecraft:iron_sword":1,"minecraft:bread":46,"minecraft:air":0,"minecraft:iron_chestplate":3,"minecraft:acacia_sign":3,"minecraft:shield":1,"minecraft:stick":32,"minecraft:iron_ingot":36,"minecraft:iron_pickaxe":1,"minecraft:wooden_axe":1,"minecraft:iron_leggings":1,"minecraft:white_bed":2,"minecraft:acacia_planks":132,"minecraft:torch":48},"minecraft:picked_up":{"minecraft:crafting_table":4,"minecraft:wheat":34,"minecraft:chicken":1,"minecraft:string":3,"minecraft:item_frame":3,"minecraft:experience_bottle":1,"paraglider:deku_leaf":1,"minecraft:cobbled_deepslate":85,"minecraft:rose_bush":1,"minecraft:iron_pickaxe":1,"minecraft:chest":1,"minecraft:egg":1,"minecraft:stick":5,"minecraft:raw_iron":60,"delchoco:gysahl_green":4,"delchoco:chocobo_feather":4,"minecraft:acacia_log":33,"minecraft:torch":4,"tombstone:grave_dust":5,"minecraft:diorite":21,"tombstone:lollipop":1,"minecraft:lime_carpet":1,"minecraft:arrow":7,"minecraft:rotten_flesh":31,"minecraft:hay_block":17,"minecraft:gold_ingot":1,"minecraft:mutton":5,"minecraft:cobblestone":206,"minecraft:white_wool":5,"delchoco:gysahl_green_seeds":7,"minecraft:feather":1,"minecraft:andesite":2,"minecraft:leather":1,"alexsmobs:acacia_blossom":1,"doggytalents:rice_grains":7,"minecraft:flint":1,"crockpot:unknown_seeds":1,"minecraft:dirt":7,"minecraft:bone":2,"minecraft:bow":2,"minecraft:wheat_seeds":92,"minecraft:stone_pickaxe":2,"minecraft:iron_ingot":1,"tombstone:bag_of_seeds":1,"minecraft:acacia_sapling":7,"patchouli:guide_book":1,"minecraft:dandelion":2,"minecraft:gravel":11,"minecraft:spider_eye":1,"minecraft:mossy_cobblestone":4,"enigmaticlegacy:cursed_ring":1,"minecraft:diamond":1,"minecraft:stone_axe":1,"minecraft:honey_block":13,"waystones:waystone":3,"minecraft:emerald":3,"tombstone:magic_scroll":1,"minecraft:oak_sapling":1,"minecraft:melon_seeds":1,"minecraft:coal":55,"iceandfire:raw_silver":1},"minecraft:killed":{"minecraft:spider":3,"dungeonsweaponry:enchanter":1,"minecraft:skeleton":3,"minecraft:chicken":1,"minecraft:husk":1,"minecraft:zombie_villager":1,"minecraft:sheep":4,"dungeonsweaponry:mountaineer":1,"minecraft:zombie":34,"creeperoverhaul:savannah_creeper":2},"minecraft:custom":{"enigmaticlegacy:play_time_with_seven_curses":0,"minecraft:mob_kills":54,"minecraft:interact_with_crafting_table":30,"minecraft:eat_cake_slice":1,"minecraft:leave_game":5,"minecraft:time_since_death":37721,"minecraft:sprint_one_cm":653585,"minecraft:walk_one_cm":411801,"minecraft:damage_blocked_by_shield":90,"minecraft:drop":43,"tombstone:eaten_lollipop":1,"minecraft:play_time":202575,"minecraft:deaths":5,"minecraft:sneak_time":2614,"minecraft:walk_under_water_one_cm":986,"minecraft:jump":5230,"minecraft:walk_on_water_one_cm":7337,"minecraft:total_world_time":202575,"minecraft:interact_with_furnace":15,"spartanshields:shield_bash_hits":4,"enigmaticlegacy:play_time_without_seven_curses":203920,"minecraft:sleep_in_bed":2,"minecraft:time_since_rest":24451,"minecraft:waystone_activated":3,"minecraft:damage_taken":2433,"minecraft:damage_dealt":10093,"minecraft:swim_one_cm":8668,"minecraft:fly_one_cm":1385563,"minecraft:open_chest":84,"minecraft:crouch_one_cm":8615,"tombstone:undead_killed":39,"minecraft:fall_one_cm":179723},"minecraft:used":{"minecraft:rose_bush":1,"minecraft:chest":2,"minecraft:shield":3,"minecraft:iron_sword":144,"tombstone:lollipop":1,"minecraft:rotten_flesh":11,"minecraft:torch":6,"minecraft:dirt":3,"minecraft:wooden_axe":49,"minecraft:honey_block":1,"minecraft:item_frame":1,"minecraft:bow":6,"tombstone:gift":5,"minecraft:egg":1,"minecraft:cooked_beef":1,"minecraft:cobbled_deepslate":42,"minecraft:wheat_seeds":9,"minecraft:diorite":1,"minecraft:stone_pickaxe":181,"minecraft:wooden_pickaxe":59,"minecraft:white_wool":1,"minecraft:crafting_table":6,"waystones:waystone":1,"minecraft:acacia_sign":1,"minecraft:bread":45,"minecraft:iron_pickaxe":242,"minecraft:stone_axe":25,"minecraft:wooden_sword":64,"minecraft:cobblestone":21,"alexsmobs:animal_dictionary":1,"minecraft:dandelion":2,"minecraft:experience_bottle":1},"minecraft:dropped":{"minecraft:bread":4,"iceandfire:raw_silver":1,"minecraft:wheat_seeds":79,"minecraft:cooked_beef":2,"minecraft:iron_helmet":2,"minecraft:saddle":1,"delchoco:gysahl_green_seeds":1,"delchoco:chocobo_feather":4,"minecraft:lime_carpet":1,"minecraft:gravel":11,"minecraft:cobbled_deepslate":9,"sophisticatedbackpacks:backpack":1,"paraglider:deku_leaf":1,"enigmaticlegacy:cursed_ring":2,"minecraft:hay_block":5,"minecraft:shield":1,"minecraft:iron_chestplate":2,"minecraft:honey_block":12,"minecraft:melon_seeds":1,"minecraft:oak_sapling":1,"minecraft:acacia_sapling":1,"doggytalents:rice_grains":5,"minecraft:stone_pickaxe":1},"minecraft:mined":{"iceandfire:silver_ore":1,"minecraft:mossy_cobblestone":4,"biomesoplenty:desert_grass":2,"minecraft:acacia_log":37,"minecraft:grass_block":3,"minecraft:hay_block":17,"minecraft:iron_ore":17,"minecraft:andesite":2,"minecraft:deepslate_iron_ore":39,"minecraft:stone":202,"minecraft:white_wool":1,"minecraft:acacia_leaves":1,"minecraft:glass_pane":4,"minecraft:crafting_table":4,"minecraft:emerald_ore":3,"minecraft:rose_bush":1,"minecraft:glass":2,"minecraft:tall_grass":4,"minecraft:cobblestone":4,"minecraft:diorite":21,"minecraft:wall_torch":3,"minecraft:wheat":1,"minecraft:grass":42,"minecraft:coal_ore":55,"minecraft:dirt":3,"minecraft:oak_leaves":2,"minecraft:deepslate":87}},"DataVersion":3465}