{"stats":{"minecraft:picked_up":{"enigmaticlegacy:cursed_ring":1,"minecraft:acacia_log":2},"minecraft:crafted":{"minecraft:acacia_planks":8},"minecraft:custom":{"minecraft:time_since_rest":5594,"enigmaticlegacy:play_time_with_seven_curses":0,"minecraft:damage_dealt":100,"minecraft:leave_game":2,"minecraft:play_time":5594,"minecraft:sprint_one_cm":19068,"minecraft:damage_taken":50,"minecraft:time_since_death":5594,"minecraft:walk_one_cm":6175,"enigmaticlegacy:play_time_without_seven_curses":5594,"minecraft:total_world_time":5594,"minecraft:fall_one_cm":13732,"minecraft:drop":2,"minecraft:fly_one_cm":90737,"minecraft:jump":258},"minecraft:dropped":{"enigmaticlegacy:cursed_ring":2},"minecraft:mined":{"minecraft:grass":2,"minecraft:acacia_log":2}},"DataVersion":3465}