{"stats":{"minecraft:broken":{"minecraft:stone_pickaxe":2,"minecraft:iron_pickaxe":1,"minecraft:wooden_axe":1,"minecraft:wooden_pickaxe":1},"minecraft:picked_up":{"delchoco:gysahl_green_seeds":5,"minecraft:crafting_table":4,"minecraft:wheat":32,"minecraft:feather":1,"minecraft:chicken":1,"minecraft:andesite":2,"minecraft:leather":1,"alexsmobs:acacia_blossom":1,"doggytalents:rice_grains":5,"minecraft:flint":1,"crockpot:unknown_seeds":1,"minecraft:string":1,"minecraft:dirt":7,"minecraft:item_frame":1,"minecraft:bow":2,"minecraft:wheat_seeds":78,"minecraft:cobbled_deepslate":85,"minecraft:stone_pickaxe":2,"tombstone:bag_of_seeds":1,"minecraft:iron_pickaxe":1,"minecraft:chest":1,"minecraft:acacia_sapling":7,"minecraft:stick":5,"minecraft:raw_iron":46,"delchoco:gysahl_green":4,"minecraft:dandelion":2,"minecraft:torch":3,"minecraft:acacia_log":33,"minecraft:gravel":11,"tombstone:grave_dust":5,"minecraft:diorite":21,"minecraft:mossy_cobblestone":4,"tombstone:lollipop":1,"minecraft:arrow":5,"minecraft:lime_carpet":1,"minecraft:rotten_flesh":25,"enigmaticlegacy:cursed_ring":1,"minecraft:diamond":1,"minecraft:stone_axe":1,"waystones:waystone":1,"minecraft:honey_block":13,"minecraft:hay_block":17,"minecraft:melon_seeds":1,"minecraft:gold_ingot":1,"minecraft:emerald":3,"tombstone:magic_scroll":1,"minecraft:oak_sapling":1,"minecraft:mutton":5,"minecraft:coal":19,"iceandfire:raw_silver":1,"minecraft:white_wool":5,"minecraft:cobblestone":196},"minecraft:crafted":{"minecraft:cooked_beef":3,"minecraft:wooden_sword":1,"sophisticatedbackpacks:backpack":2,"minecraft:crafting_table":2,"minecraft:wooden_pickaxe":2,"minecraft:iron_helmet":3,"minecraft:iron_sword":1,"minecraft:bread":46,"minecraft:air":0,"minecraft:iron_boots":1,"minecraft:iron_chestplate":3,"minecraft:shield":1,"minecraft:stick":28,"minecraft:iron_ingot":36,"minecraft:stone_pickaxe":1,"minecraft:iron_pickaxe":1,"minecraft:wooden_axe":1,"minecraft:chest":1,"minecraft:iron_leggings":1,"minecraft:white_bed":2,"minecraft:acacia_planks":132,"minecraft:torch":32,"minecraft:wheat":108},"minecraft:killed":{"minecraft:husk":1,"minecraft:zombie_villager":1,"minecraft:spider":2,"dungeonsweaponry:enchanter":1,"minecraft:sheep":4,"dungeonsweaponry:mountaineer":1,"minecraft:skeleton":2,"minecraft:zombie":26,"minecraft:chicken":1,"creeperoverhaul:savannah_creeper":2},"minecraft:custom":{"enigmaticlegacy:play_time_with_seven_curses":0,"minecraft:interact_with_furnace":15,"spartanshields:shield_bash_hits":2,"minecraft:mob_kills":44,"enigmaticlegacy:play_time_without_seven_curses":147292,"minecraft:interact_with_crafting_table":23,"minecraft:leave_game":4,"minecraft:time_since_death":81444,"minecraft:waystone_activated":2,"minecraft:time_since_rest":81191,"minecraft:sprint_one_cm":374326,"minecraft:damage_taken":1804,"minecraft:walk_one_cm":321403,"minecraft:damage_blocked_by_shield":90,"minecraft:drop":32,"tombstone:eaten_lollipop":1,"minecraft:damage_dealt":8156,"minecraft:swim_one_cm":8668,"minecraft:fly_one_cm":802681,"minecraft:open_chest":67,"minecraft:play_time":145912,"minecraft:crouch_one_cm":6848,"minecraft:sneak_time":2265,"tombstone:undead_killed":30,"minecraft:deaths":4,"minecraft:walk_under_water_one_cm":986,"minecraft:jump":3459,"minecraft:walk_on_water_one_cm":5939,"minecraft:fall_one_cm":116450,"minecraft:total_world_time":145912},"minecraft:used":{"minecraft:wheat_seeds":9,"minecraft:stone_pickaxe":181,"minecraft:wooden_pickaxe":59,"minecraft:shield":3,"minecraft:iron_sword":92,"tombstone:lollipop":1,"minecraft:rotten_flesh":11,"minecraft:white_wool":1,"minecraft:torch":4,"minecraft:dirt":3,"minecraft:crafting_table":4,"waystones:waystone":1,"minecraft:wooden_axe":49,"minecraft:honey_block":1,"minecraft:bread":24,"minecraft:iron_pickaxe":181,"minecraft:cobblestone":15,"minecraft:stone_axe":25,"minecraft:wooden_sword":64,"minecraft:bow":6,"minecraft:dandelion":2,"tombstone:gift":3,"alexsmobs:animal_dictionary":1,"minecraft:cooked_beef":1,"minecraft:cobbled_deepslate":42,"minecraft:diorite":1},"minecraft:dropped":{"minecraft:gravel":11,"iceandfire:raw_silver":1,"minecraft:wheat_seeds":67,"minecraft:cooked_beef":2,"minecraft:cobbled_deepslate":9,"minecraft:iron_helmet":2,"sophisticatedbackpacks:backpack":1,"enigmaticlegacy:cursed_ring":2,"minecraft:hay_block":5,"minecraft:shield":1,"delchoco:gysahl_green_seeds":1,"minecraft:iron_chestplate":2,"minecraft:melon_seeds":1,"minecraft:honey_block":12,"doggytalents:rice_grains":3,"minecraft:acacia_sapling":1,"minecraft:lime_carpet":1,"minecraft:stone_pickaxe":1,"minecraft:bread":4},"minecraft:mined":{"minecraft:acacia_leaves":1,"minecraft:glass_pane":2,"iceandfire:silver_ore":1,"minecraft:mossy_cobblestone":4,"biomesoplenty:desert_grass":1,"minecraft:crafting_table":4,"minecraft:acacia_log":37,"minecraft:emerald_ore":3,"minecraft:grass_block":3,"minecraft:rose_bush":1,"minecraft:glass":2,"minecraft:tall_grass":4,"minecraft:cobblestone":4,"minecraft:wall_torch":2,"minecraft:diorite":21,"minecraft:hay_block":17,"minecraft:iron_ore":7,"minecraft:wheat":1,"minecraft:andesite":2,"minecraft:grass":34,"minecraft:coal_ore":19,"minecraft:deepslate_iron_ore":39,"minecraft:dirt":3,"minecraft:stone":191,"minecraft:white_wool":1,"minecraft:oak_leaves":1,"minecraft:deepslate":87}},"DataVersion":3465}