{"stats":{"minecraft:broken":{"minecraft:wooden_axe":1},"minecraft:crafted":{"minecraft:wooden_sword":1,"minecraft:crafting_table":1,"minecraft:stick":20,"minecraft:wooden_pickaxe":2,"minecraft:stone_pickaxe":1,"minecraft:wooden_axe":1,"minecraft:acacia_planks":72,"minecraft:torch":32,"minecraft:cooked_beef":3},"minecraft:picked_up":{"minecraft:raw_iron":2,"minecraft:stick":2,"delchoco:gysahl_green_seeds":1,"minecraft:crafting_table":2,"minecraft:feather":1,"minecraft:chicken":1,"alexsmobs:acacia_blossom":1,"minecraft:acacia_log":18,"doggytalents:rice_grains":2,"tombstone:grave_dust":2,"crockpot:unknown_seeds":1,"minecraft:dirt":4,"tombstone:lollipop":1,"minecraft:rotten_flesh":2,"enigmaticlegacy:cursed_ring":1,"minecraft:wheat_seeds":2,"tombstone:bag_of_seeds":1,"minecraft:coal":19,"minecraft:mutton":5,"minecraft:acacia_sapling":5,"minecraft:white_wool":5,"minecraft:cobblestone":25},"minecraft:killed":{"minecraft:sheep":4,"minecraft:husk":1,"minecraft:zombie":7,"minecraft:chicken":1,"minecraft:spider":1,"creeperoverhaul:savannah_creeper":2},"minecraft:custom":{"minecraft:time_since_rest":9310,"enigmaticlegacy:play_time_with_seven_curses":0,"minecraft:damage_taken":570,"minecraft:sprint_one_cm":68731,"minecraft:walk_one_cm":108571,"minecraft:mob_kills":17,"minecraft:drop":3,"tombstone:eaten_lollipop":1,"minecraft:damage_dealt":2663,"enigmaticlegacy:play_time_without_seven_curses":34024,"minecraft:interact_with_crafting_table":7,"minecraft:fly_one_cm":190545,"minecraft:open_chest":11,"minecraft:crouch_one_cm":401,"minecraft:play_time":32580,"tombstone:undead_killed":8,"minecraft:deaths":2,"minecraft:sneak_time":395,"minecraft:jump":856,"minecraft:leave_game":3,"minecraft:time_since_death":10280,"minecraft:total_world_time":32580,"minecraft:fall_one_cm":29423,"minecraft:interact_with_furnace":3},"minecraft:used":{"minecraft:wooden_axe":49,"minecraft:stone_pickaxe":27,"minecraft:wooden_pickaxe":20,"tombstone:lollipop":1,"minecraft:rotten_flesh":2,"minecraft:white_wool":1,"minecraft:wooden_sword":64,"minecraft:dirt":3,"minecraft:crafting_table":2,"tombstone:gift":2,"alexsmobs:animal_dictionary":1},"minecraft:dropped":{"minecraft:acacia_sapling":1,"enigmaticlegacy:cursed_ring":2},"minecraft:mined":{"minecraft:acacia_leaves":1,"minecraft:iron_ore":2,"minecraft:crafting_table":2,"minecraft:grass":19,"minecraft:acacia_log":27,"minecraft:grass_block":3,"minecraft:coal_ore":19,"minecraft:dirt":1,"minecraft:tall_grass":1,"minecraft:cobblestone":1,"minecraft:stone":23,"minecraft:white_wool":1}},"DataVersion":3465}