{"stats":{"minecraft:broken":{"minecraft:wooden_pickaxe":1},"minecraft:crafted":{"minecraft:cooked_beef":2,"minecraft:wooden_sword":1,"minecraft:crafting_table":2,"minecraft:cooked_chicken":1,"minecraft:iron_helmet":1,"minecraft:wooden_pickaxe":1,"minecraft:iron_sword":1,"minecraft:furnace":1,"minecraft:stone_axe":1,"minecraft:cooked_mutton":2,"minecraft:air":0,"minecraft:iron_boots":1,"minecraft:iron_chestplate":2,"minecraft:diamond_pickaxe":1,"minecraft:iron_axe":1,"minecraft:stick":12,"minecraft:gold_ingot":6,"minecraft:iron_shovel":1,"minecraft:iron_ingot":43,"minecraft:iron_pickaxe":2,"minecraft:stone_pickaxe":2,"minecraft:iron_leggings":1,"minecraft:stone_sword":1,"minecraft:acacia_planks":16,"minecraft:torch":20},"minecraft:picked_up":{"ars_nouveau:caster_tome":1,"minecraft:wheat":3,"delchoco:gysahl_green_seeds":1,"minecraft:crafting_table":2,"minecraft:feather":2,"minecraft:chicken":2,"minecraft:leather":7,"alexsmobs:acacia_blossom":2,"ars_nouveau:warp_scroll":2,"doggytalents:rice_grains":2,"paraglider:spirit_orb":2,"ars_nouveau:wilden_wing":2,"minecraft:tuff":1,"minecraft:oak_log":19,"enigmaticlegacy:enigmatic_eye":2,"minecraft:lapis_lazuli":11,"crockpot:unknown_seeds":3,"minecraft:dirt":4,"minecraft:string":8,"minecraft:name_tag":1,"minecraft:bone":14,"minecraft:apple":1,"minecraft:wheat_seeds":4,"minecraft:cobbled_deepslate":52,"minecraft:raw_gold":6,"minecraft:iron_ingot":3,"minecraft:beef":5,"minecraft:cooked_chicken":2,"minecraft:iron_pickaxe":1,"minecraft:chest":2,"minecraft:acacia_sapling":4,"farmersdelight:cabbage_seeds":6,"minecraft:raw_iron":43,"minecraft:stick":14,"minecraft:music_disc_13":1,"minecraft:torch":3,"enigmaticlegacy:iron_ring":1,"minecraft:acacia_log":18,"farmersdelight:tomato_seeds":1,"iceandfire:rotten_egg":1,"tombstone:grave_dust":5,"minecraft:redstone":2,"minecraft:spider_eye":2,"tombstone:scroll_of_mercy":1,"ars_nouveau:wilden_spike":2,"minecraft:arrow":6,"minecraft:rotten_flesh":19,"minecraft:diamond":13,"minecraft:beetroot_seeds":3,"minecraft:bread":1,"tombstone:essence_of_undeath":1,"tombstone:magic_scroll":1,"minecraft:oak_sapling":8,"minecraft:mutton":4,"minecraft:coal":47,"minecraft:white_wool":7,"minecraft:cobblestone":74},"minecraft:killed":{"minecraft:spider":3,"minecraft:sheep":3,"minecraft:skeleton":7,"minecraft:zombie":8,"minecraft:chicken":2,"minecraft:cow":3},"minecraft:custom":{"enigmaticlegacy:play_time_with_seven_curses":0,"minecraft:interact_with_furnace":32,"minecraft:mob_kills":26,"enigmaticlegacy:play_time_without_seven_curses":63387,"minecraft:interact_with_crafting_table":16,"minecraft:time_since_death":24899,"minecraft:time_since_rest":24588,"minecraft:sprint_one_cm":28338,"minecraft:damage_taken":1074,"minecraft:walk_one_cm":300052,"minecraft:drop":17,"minecraft:damage_dealt":4440,"minecraft:fly_one_cm":37716,"minecraft:open_chest":7,"minecraft:deaths":1,"minecraft:crouch_one_cm":5411,"minecraft:play_time":63419,"tombstone:undead_killed":15,"minecraft:sneak_time":2187,"minecraft:walk_under_water_one_cm":1862,"minecraft:jump":720,"minecraft:walk_on_water_one_cm":4338,"minecraft:total_world_time":63419,"minecraft:fall_one_cm":7639,"minecraft:horse_one_cm":2041},"minecraft:used":{"minecraft:cooked_mutton":2,"minecraft:stone_sword":113,"minecraft:stone_pickaxe":58,"minecraft:chest":2,"minecraft:wooden_pickaxe":59,"minecraft:iron_chestplate":1,"minecraft:cooked_chicken":3,"minecraft:rotten_flesh":7,"minecraft:white_wool":4,"minecraft:torch":9,"minecraft:dirt":4,"minecraft:crafting_table":4,"minecraft:acacia_sapling":3,"minecraft:tuff":1,"minecraft:bread":1,"minecraft:iron_pickaxe":107,"minecraft:iron_boots":1,"tombstone:grave_key":1,"minecraft:stone_axe":39,"minecraft:wooden_sword":41,"minecraft:cobblestone":45,"minecraft:furnace":1,"tombstone:gift":2,"minecraft:cobbled_deepslate":42,"minecraft:cooked_beef":1},"minecraft:dropped":{"minecraft:stone_axe":1,"minecraft:cooked_beef":1,"minecraft:stone_sword":1,"minecraft:diamond":1,"minecraft:wheat":3,"minecraft:cobblestone":9,"minecraft:rotten_flesh":2,"minecraft:apple":1,"crockpot:unknown_seeds":1,"enigmaticlegacy:cursed_ring":1,"minecraft:diamond_pickaxe":1,"minecraft:wooden_sword":1,"minecraft:stone_pickaxe":1,"minecraft:iron_pickaxe":2},"minecraft:mined":{"minecraft:diamond_ore":3,"minecraft:tuff":1,"minecraft:acacia_leaves":5,"minecraft:deepslate_diamond_ore":10,"minecraft:crafting_table":2,"minecraft:torch":1,"minecraft:acacia_log":19,"minecraft:grass_block":1,"minecraft:chest":2,"minecraft:tall_grass":3,"minecraft:cobblestone":13,"minecraft:deepslate_gold_ore":6,"minecraft:wall_torch":3,"minecraft:spawner":1,"minecraft:air":1,"minecraft:iron_ore":11,"minecraft:cobbled_deepslate":3,"minecraft:deepslate_lapis_ore":2,"minecraft:grass":13,"minecraft:coal_ore":48,"minecraft:oak_log":17,"minecraft:deepslate_iron_ore":27,"minecraft:dirt":3,"minecraft:stone":61,"minecraft:white_wool":4,"minecraft:deepslate":38}},"DataVersion":3465}