{"stats":{"minecraft:broken":{"minecraft:wooden_pickaxe":1},"minecraft:crafted":{"minecraft:cooked_beef":2,"minecraft:wooden_sword":1,"minecraft:crafting_table":1,"minecraft:wooden_pickaxe":1,"minecraft:stone_axe":1,"minecraft:cooked_mutton":2,"minecraft:air":0,"minecraft:diamond_pickaxe":1,"minecraft:stick":8,"minecraft:iron_pickaxe":1,"minecraft:stone_pickaxe":1,"minecraft:stone_sword":1,"minecraft:acacia_planks":12,"minecraft:torch":20},"minecraft:picked_up":{"ars_nouveau:caster_tome":1,"minecraft:wheat":3,"delchoco:gysahl_green_seeds":1,"minecraft:crafting_table":2,"minecraft:chicken":1,"minecraft:leather":7,"alexsmobs:acacia_blossom":2,"ars_nouveau:warp_scroll":2,"doggytalents:rice_grains":2,"paraglider:spirit_orb":2,"ars_nouveau:wilden_wing":2,"minecraft:tuff":1,"minecraft:oak_log":19,"enigmaticlegacy:enigmatic_eye":2,"minecraft:lapis_lazuli":11,"crockpot:unknown_seeds":3,"minecraft:dirt":4,"minecraft:string":8,"minecraft:name_tag":1,"minecraft:bone":14,"minecraft:apple":1,"minecraft:wheat_seeds":4,"minecraft:cobbled_deepslate":35,"minecraft:raw_gold":6,"minecraft:iron_ingot":3,"minecraft:beef":5,"minecraft:cooked_chicken":2,"minecraft:iron_pickaxe":1,"minecraft:chest":2,"minecraft:acacia_sapling":4,"farmersdelight:cabbage_seeds":6,"minecraft:raw_iron":38,"minecraft:stick":14,"minecraft:music_disc_13":1,"minecraft:torch":1,"enigmaticlegacy:iron_ring":1,"minecraft:acacia_log":18,"farmersdelight:tomato_seeds":1,"iceandfire:rotten_egg":1,"tombstone:grave_dust":5,"minecraft:redstone":2,"minecraft:spider_eye":2,"tombstone:scroll_of_mercy":1,"ars_nouveau:wilden_spike":2,"minecraft:arrow":6,"minecraft:rotten_flesh":19,"minecraft:diamond":13,"minecraft:beetroot_seeds":3,"minecraft:bread":1,"tombstone:essence_of_undeath":1,"tombstone:magic_scroll":1,"minecraft:oak_sapling":8,"minecraft:mutton":4,"minecraft:coal":47,"minecraft:white_wool":7,"minecraft:cobblestone":74},"minecraft:killed":{"minecraft:spider":3,"minecraft:sheep":3,"minecraft:skeleton":7,"minecraft:zombie":8,"minecraft:chicken":1,"minecraft:cow":3},"minecraft:custom":{"enigmaticlegacy:play_time_with_seven_curses":0,"minecraft:interact_with_furnace":12,"minecraft:mob_kills":25,"enigmaticlegacy:play_time_without_seven_curses":51387,"minecraft:interact_with_crafting_table":6,"minecraft:time_since_death":12899,"minecraft:time_since_rest":12588,"minecraft:sprint_one_cm":28290,"minecraft:damage_taken":1044,"minecraft:walk_one_cm":287679,"minecraft:drop":15,"minecraft:damage_dealt":4400,"minecraft:fly_one_cm":37716,"minecraft:open_chest":7,"minecraft:deaths":1,"minecraft:crouch_one_cm":4595,"minecraft:play_time":51419,"tombstone:undead_killed":15,"minecraft:sneak_time":1891,"minecraft:walk_under_water_one_cm":1862,"minecraft:jump":698,"minecraft:walk_on_water_one_cm":4338,"minecraft:total_world_time":51419,"minecraft:fall_one_cm":6592,"minecraft:horse_one_cm":2041},"minecraft:used":{"minecraft:cooked_mutton":2,"minecraft:stone_sword":112,"minecraft:stone_pickaxe":58,"minecraft:chest":2,"minecraft:wooden_pickaxe":59,"minecraft:cooked_chicken":2,"minecraft:rotten_flesh":7,"minecraft:white_wool":4,"minecraft:torch":6,"minecraft:dirt":4,"minecraft:crafting_table":3,"minecraft:acacia_sapling":3,"minecraft:tuff":1,"minecraft:bread":1,"minecraft:iron_pickaxe":85,"tombstone:grave_key":1,"minecraft:stone_axe":39,"minecraft:wooden_sword":41,"minecraft:cobblestone":42,"tombstone:gift":2,"minecraft:cobbled_deepslate":35,"minecraft:cooked_beef":1},"minecraft:dropped":{"minecraft:stone_axe":1,"minecraft:cooked_beef":1,"minecraft:diamond":1,"minecraft:wheat":3,"minecraft:cobblestone":9,"minecraft:rotten_flesh":2,"minecraft:apple":1,"crockpot:unknown_seeds":1,"enigmaticlegacy:cursed_ring":1,"minecraft:diamond_pickaxe":1,"minecraft:wooden_sword":1,"minecraft:stone_pickaxe":1,"minecraft:iron_pickaxe":1},"minecraft:mined":{"minecraft:diamond_ore":3,"minecraft:tuff":1,"minecraft:acacia_leaves":5,"minecraft:deepslate_diamond_ore":10,"minecraft:crafting_table":2,"minecraft:torch":1,"minecraft:acacia_log":19,"minecraft:grass_block":1,"minecraft:chest":2,"minecraft:tall_grass":3,"minecraft:cobblestone":13,"minecraft:deepslate_gold_ore":6,"minecraft:wall_torch":1,"minecraft:spawner":1,"minecraft:air":1,"minecraft:iron_ore":11,"minecraft:deepslate_lapis_ore":2,"minecraft:grass":13,"minecraft:coal_ore":48,"minecraft:oak_log":17,"minecraft:deepslate_iron_ore":22,"minecraft:dirt":3,"minecraft:stone":61,"minecraft:white_wool":4,"minecraft:deepslate":24}},"DataVersion":3465}