{"stats":{"minecraft:broken":{"minecraft:wooden_pickaxe":1},"minecraft:crafted":{"minecraft:wooden_sword":1,"minecraft:cooked_chicken":1,"minecraft:furnace":1,"minecraft:cooked_mutton":2,"minecraft:iron_boots":1,"minecraft:iron_axe":1,"minecraft:stone_pickaxe":2,"minecraft:cooked_beef":7,"minecraft:crafting_table":2,"minecraft:wooden_pickaxe":1,"minecraft:iron_helmet":1,"minecraft:iron_sword":1,"minecraft:stone_axe":1,"minecraft:air":0,"minecraft:iron_chestplate":2,"minecraft:diamond_pickaxe":1,"minecraft:shield":1,"minecraft:stick":12,"minecraft:iron_ingot":62,"minecraft:iron_pickaxe":2,"minecraft:stone_sword":1,"minecraft:iron_shovel":1,"minecraft:iron_leggings":1,"minecraft:gold_ingot":6,"minecraft:acacia_planks":20,"minecraft:torch":20},"minecraft:picked_up":{"ars_nouveau:caster_tome":1,"minecraft:crafting_table":5,"minecraft:wheat":79,"minecraft:chicken":2,"ars_nouveau:warp_scroll":2,"enigmaticlegacy:enigmatic_eye":3,"delchoco:chocobo_whistle":4,"minecraft:string":8,"minecraft:acacia_door":2,"minecraft:wooden_sword":2,"minecraft:item_frame":1,"minecraft:cobbled_deepslate":61,"minecraft:beef":10,"minecraft:iron_pickaxe":1,"minecraft:melon_slice":24,"minecraft:chest":6,"farmersdelight:cabbage_seeds":6,"minecraft:furnace":2,"minecraft:stick":33,"minecraft:raw_iron":62,"delchoco:gysahl_green":3,"minecraft:torch":9,"minecraft:acacia_log":96,"sophisticatedbackpacks:backpack":1,"farmersdelight:tomato_seeds":4,"iceandfire:rotten_egg":1,"tombstone:grave_dust":5,"minecraft:redstone":2,"tombstone:lollipop":1,"minecraft:arrow":8,"minecraft:rotten_flesh":25,"minecraft:beetroot_seeds":6,"minecraft:hay_block":33,"tombstone:essence_of_undeath":1,"delchoco:chocobo_leash_stick":4,"minecraft:mutton":4,"minecraft:white_wool":8,"minecraft:cobblestone":88,"delchoco:gysahl_green_seeds":5,"minecraft:feather":4,"minecraft:andesite":2,"minecraft:leather":14,"alexsmobs:acacia_blossom":11,"doggytalents:rice_grains":2,"paraglider:spirit_orb":2,"ars_nouveau:wilden_wing":2,"minecraft:tuff":3,"minecraft:oak_log":23,"minecraft:wooden_hoe":1,"crockpot:unknown_seeds":5,"minecraft:lapis_lazuli":11,"minecraft:dirt":14,"minecraft:name_tag":1,"minecraft:bone":14,"minecraft:acacia_planks":1,"minecraft:apple":1,"minecraft:wheat_seeds":223,"minecraft:raw_gold":6,"minecraft:stone_pickaxe":1,"minecraft:iron_ingot":4,"minecraft:cooked_chicken":2,"minecraft:acacia_sapling":54,"minecraft:music_disc_13":1,"enigmaticlegacy:iron_ring":1,"minecraft:spider_eye":2,"tombstone:scroll_of_mercy":1,"ars_nouveau:wilden_spike":5,"minecraft:diamond":13,"minecraft:granite":10,"minecraft:bread":1,"tombstone:magic_scroll":2,"minecraft:oak_sapling":20,"minecraft:coal":87},"minecraft:killed":{"minecraft:witch":1,"minecraft:spider":4,"minecraft:skeleton":8,"minecraft:chicken":2,"minecraft:llama":2,"minecraft:sheep":3,"minecraft:zombie":14,"minecraft:villager":1,"minecraft:cow":5},"minecraft:custom":{"enigmaticlegacy:play_time_with_seven_curses":0,"minecraft:mob_kills":40,"minecraft:interact_with_crafting_table":17,"minecraft:time_since_death":48899,"minecraft:sprint_one_cm":50641,"minecraft:walk_one_cm":415548,"minecraft:drop":22,"tombstone:eaten_lollipop":1,"minecraft:play_time":87419,"minecraft:deaths":1,"minecraft:sneak_time":4000,"minecraft:walk_under_water_one_cm":6584,"minecraft:jump":1094,"minecraft:walk_on_water_one_cm":7643,"minecraft:total_world_time":87419,"minecraft:interact_with_furnace":42,"enigmaticlegacy:play_time_without_seven_curses":87387,"minecraft:time_since_rest":48588,"minecraft:damage_taken":1145,"minecraft:damage_absorbed":99,"minecraft:damage_dealt":7120,"minecraft:swim_one_cm":997,"minecraft:fly_one_cm":72030,"minecraft:crouch_one_cm":12032,"minecraft:open_chest":11,"tombstone:undead_killed":22,"minecraft:fall_one_cm":13969,"minecraft:horse_one_cm":2041},"minecraft:used":{"minecraft:stone_sword":113,"minecraft:iron_shovel":5,"minecraft:chest":2,"minecraft:iron_sword":85,"tombstone:lollipop":1,"minecraft:cooked_chicken":3,"minecraft:rotten_flesh":7,"minecraft:iron_chestplate":1,"minecraft:torch":14,"minecraft:dirt":9,"minecraft:acacia_sapling":3,"minecraft:tuff":3,"minecraft:granite":10,"minecraft:iron_axe":104,"minecraft:iron_boots":1,"minecraft:furnace":2,"tombstone:gift":2,"minecraft:cooked_beef":2,"minecraft:cobbled_deepslate":61,"minecraft:wheat_seeds":50,"minecraft:cooked_mutton":2,"minecraft:stone_pickaxe":64,"minecraft:wooden_pickaxe":59,"minecraft:white_wool":4,"minecraft:crafting_table":5,"sophisticatedbackpacks:backpack":2,"minecraft:bread":1,"minecraft:iron_pickaxe":162,"tombstone:grave_key":1,"minecraft:stone_axe":39,"minecraft:wooden_sword":41,"minecraft:cobblestone":50,"minecraft:andesite":2},"minecraft:dropped":{"minecraft:cooked_beef":1,"minecraft:diamond":1,"minecraft:cobblestone":9,"minecraft:leather":2,"minecraft:apple":1,"crockpot:unknown_seeds":1,"minecraft:dirt":4,"delchoco:gysahl_green_seeds":2,"minecraft:wooden_sword":1,"minecraft:iron_pickaxe":2,"minecraft:stone_axe":1,"minecraft:stone_sword":1,"minecraft:wheat":3,"minecraft:rotten_flesh":2,"enigmaticlegacy:cursed_ring":1,"minecraft:diamond_pickaxe":1,"minecraft:chest":1,"minecraft:stone_pickaxe":1},"minecraft:mined":{"minecraft:diamond_ore":3,"minecraft:tuff":3,"delchoco:gysahl_green":1,"minecraft:deepslate_diamond_ore":10,"minecraft:granite":10,"minecraft:acacia_log":94,"minecraft:grass_block":7,"minecraft:spawner":1,"minecraft:hay_block":34,"minecraft:furnace":2,"minecraft:iron_ore":31,"minecraft:cobbled_deepslate":3,"minecraft:andesite":2,"minecraft:deepslate_lapis_ore":2,"minecraft:deepslate_iron_ore":27,"minecraft:stone":76,"minecraft:white_wool":4,"minecraft:acacia_leaves":5,"minecraft:crafting_table":5,"minecraft:torch":5,"minecraft:melon":5,"minecraft:chest":6,"minecraft:tall_grass":12,"minecraft:cobblestone":13,"minecraft:deepslate_gold_ore":6,"minecraft:wall_torch":5,"minecraft:air":3,"minecraft:yellow_wool":1,"minecraft:wheat":76,"minecraft:grass":28,"minecraft:oak_log":21,"minecraft:coal_ore":48,"minecraft:dirt":6,"minecraft:deepslate":47}},"DataVersion":3465}