{"stats":{"minecraft:picked_up":{"minecraft:acacia_log":7,"crockpot:unknown_seeds":1,"doggytalents:rice_grains":1},"minecraft:custom":{"minecraft:jump":65,"minecraft:time_since_rest":3419,"enigmaticlegacy:play_time_with_seven_curses":0,"minecraft:damage_dealt":77,"minecraft:crouch_one_cm":145,"minecraft:sprint_one_cm":3623,"minecraft:play_time":3419,"minecraft:damage_taken":129,"minecraft:time_since_death":3419,"minecraft:walk_one_cm":33146,"minecraft:sneak_time":37,"enigmaticlegacy:play_time_without_seven_curses":3419,"minecraft:total_world_time":3419,"minecraft:fall_one_cm":1045,"minecraft:drop":1,"minecraft:fly_one_cm":8178,"minecraft:horse_one_cm":2041},"minecraft:dropped":{"crockpot:unknown_seeds":1},"minecraft:mined":{"minecraft:grass":3,"minecraft:tall_grass":1,"minecraft:acacia_log":8}},"DataVersion":3465}