{"stats":{"minecraft:broken":{"minecraft:wooden_pickaxe":1},"minecraft:crafted":{"minecraft:cooked_beef":2,"minecraft:wooden_sword":1,"minecraft:crafting_table":1,"minecraft:wooden_pickaxe":1,"minecraft:stone_axe":1,"minecraft:cooked_mutton":2,"minecraft:air":0,"minecraft:diamond_pickaxe":1,"minecraft:stick":8,"minecraft:iron_pickaxe":1,"minecraft:stone_pickaxe":1,"minecraft:stone_sword":1,"minecraft:acacia_planks":12},"minecraft:picked_up":{"ars_nouveau:caster_tome":1,"minecraft:wheat":3,"delchoco:gysahl_green_seeds":1,"minecraft:crafting_table":2,"minecraft:chicken":1,"minecraft:leather":7,"alexsmobs:acacia_blossom":2,"ars_nouveau:warp_scroll":2,"doggytalents:rice_grains":2,"paraglider:spirit_orb":2,"ars_nouveau:wilden_wing":2,"minecraft:oak_log":19,"enigmaticlegacy:enigmatic_eye":2,"minecraft:lapis_lazuli":11,"crockpot:unknown_seeds":3,"minecraft:dirt":4,"minecraft:string":7,"minecraft:name_tag":1,"minecraft:bone":11,"minecraft:apple":1,"minecraft:wheat_seeds":4,"minecraft:cobbled_deepslate":1,"minecraft:iron_ingot":3,"minecraft:beef":5,"minecraft:cooked_chicken":2,"minecraft:chest":2,"minecraft:acacia_sapling":4,"farmersdelight:cabbage_seeds":6,"minecraft:raw_iron":17,"minecraft:stick":14,"minecraft:music_disc_13":1,"enigmaticlegacy:iron_ring":1,"minecraft:acacia_log":18,"farmersdelight:tomato_seeds":1,"iceandfire:rotten_egg":1,"tombstone:grave_dust":2,"minecraft:redstone":2,"minecraft:spider_eye":2,"tombstone:scroll_of_mercy":1,"ars_nouveau:wilden_spike":2,"minecraft:arrow":2,"minecraft:rotten_flesh":11,"minecraft:diamond":4,"minecraft:beetroot_seeds":3,"minecraft:bread":1,"tombstone:essence_of_undeath":1,"tombstone:magic_scroll":1,"minecraft:oak_sapling":8,"minecraft:mutton":4,"minecraft:coal":47,"minecraft:white_wool":7,"minecraft:cobblestone":71},"minecraft:killed":{"minecraft:spider":2,"minecraft:sheep":3,"minecraft:skeleton":3,"minecraft:zombie":4,"minecraft:chicken":1,"minecraft:cow":3},"minecraft:custom":{"enigmaticlegacy:play_time_with_seven_curses":0,"minecraft:interact_with_furnace":12,"minecraft:mob_kills":16,"enigmaticlegacy:play_time_without_seven_curses":39387,"minecraft:interact_with_crafting_table":6,"minecraft:time_since_death":899,"minecraft:time_since_rest":588,"minecraft:sprint_one_cm":21144,"minecraft:damage_taken":734,"minecraft:walk_one_cm":233247,"minecraft:drop":11,"minecraft:damage_dealt":2678,"minecraft:fly_one_cm":26532,"minecraft:open_chest":7,"minecraft:deaths":1,"minecraft:crouch_one_cm":973,"minecraft:play_time":39419,"tombstone:undead_killed":7,"minecraft:sneak_time":413,"minecraft:walk_under_water_one_cm":1862,"minecraft:jump":523,"minecraft:walk_on_water_one_cm":3632,"minecraft:total_world_time":39419,"minecraft:fall_one_cm":5485,"minecraft:horse_one_cm":2041},"minecraft:used":{"minecraft:cooked_mutton":2,"minecraft:stone_sword":68,"minecraft:stone_pickaxe":52,"minecraft:chest":2,"minecraft:wooden_pickaxe":59,"minecraft:cooked_chicken":2,"minecraft:white_wool":4,"minecraft:dirt":4,"minecraft:crafting_table":3,"minecraft:acacia_sapling":3,"minecraft:bread":1,"minecraft:iron_pickaxe":27,"tombstone:grave_key":1,"minecraft:stone_axe":39,"minecraft:wooden_sword":41,"minecraft:cobblestone":33,"minecraft:cooked_beef":1},"minecraft:dropped":{"minecraft:cooked_beef":1,"minecraft:diamond":1,"minecraft:wheat":3,"minecraft:cobblestone":9,"minecraft:rotten_flesh":1,"minecraft:apple":1,"crockpot:unknown_seeds":1,"enigmaticlegacy:cursed_ring":1,"minecraft:diamond_pickaxe":1,"minecraft:wooden_sword":1},"minecraft:mined":{"minecraft:acacia_leaves":5,"minecraft:deepslate_diamond_ore":4,"minecraft:crafting_table":2,"minecraft:acacia_log":19,"minecraft:grass_block":1,"minecraft:chest":2,"minecraft:tall_grass":3,"minecraft:cobblestone":11,"minecraft:spawner":1,"minecraft:air":1,"minecraft:iron_ore":11,"minecraft:deepslate_lapis_ore":2,"minecraft:grass":13,"minecraft:coal_ore":48,"minecraft:oak_log":17,"minecraft:deepslate_iron_ore":1,"minecraft:dirt":3,"minecraft:stone":60,"minecraft:white_wool":4}},"DataVersion":3465}