{"stats":{"minecraft:broken":{"minecraft:wooden_pickaxe":1},"minecraft:crafted":{"minecraft:wooden_sword":1,"minecraft:cooked_chicken":1,"minecraft:furnace":1,"minecraft:cooked_mutton":2,"minecraft:iron_boots":1,"minecraft:iron_axe":1,"minecraft:stone_pickaxe":2,"minecraft:cooked_beef":7,"minecraft:crafting_table":2,"minecraft:wooden_pickaxe":1,"minecraft:iron_helmet":1,"minecraft:iron_sword":1,"minecraft:stone_axe":1,"minecraft:air":0,"minecraft:iron_chestplate":2,"minecraft:diamond_pickaxe":1,"minecraft:shield":1,"minecraft:stick":12,"minecraft:iron_ingot":62,"minecraft:iron_pickaxe":2,"minecraft:stone_sword":1,"minecraft:iron_shovel":1,"minecraft:iron_leggings":1,"minecraft:gold_ingot":6,"minecraft:acacia_planks":20,"minecraft:torch":20},"minecraft:picked_up":{"ars_nouveau:caster_tome":1,"minecraft:charcoal":4,"minecraft:crafting_table":5,"minecraft:wheat":80,"minecraft:chicken":6,"ars_nouveau:warp_scroll":2,"enigmaticlegacy:enigmatic_eye":3,"delchoco:chocobo_whistle":4,"minecraft:string":9,"minecraft:acacia_door":2,"minecraft:wooden_sword":2,"minecraft:item_frame":9,"minecraft:cobbled_deepslate":61,"cannibal:fresh_flesh":3,"minecraft:beef":10,"minecraft:iron_pickaxe":1,"minecraft:melon_slice":116,"minecraft:chest":6,"farmersdelight:cabbage_seeds":6,"minecraft:furnace":2,"minecraft:stick":33,"minecraft:raw_iron":62,"delchoco:gysahl_green":6,"minecraft:torch":11,"minecraft:acacia_log":98,"sophisticatedbackpacks:backpack":1,"minecraft:porkchop":2,"farmersdelight:tomato_seeds":7,"iceandfire:rotten_egg":1,"tombstone:grave_dust":8,"minecraft:redstone":2,"tombstone:lollipop":2,"minecraft:orange_bed":1,"minecraft:arrow":10,"minecraft:rotten_flesh":25,"minecraft:beetroot_seeds":9,"minecraft:hay_block":99,"tombstone:essence_of_undeath":1,"delchoco:chocobo_leash_stick":4,"minecraft:mutton":4,"minecraft:white_wool":9,"minecraft:cobblestone":104,"delchoco:gysahl_green_seeds":5,"minecraft:feather":4,"minecraft:andesite":2,"minecraft:leather":14,"alexsmobs:acacia_blossom":11,"minecraft:potato":4,"doggytalents:rice_grains":2,"paraglider:spirit_orb":2,"ars_nouveau:wilden_wing":2,"minecraft:tuff":3,"minecraft:oak_log":23,"minecraft:wooden_hoe":1,"crockpot:unknown_seeds":6,"minecraft:lapis_lazuli":11,"minecraft:dirt":14,"minecraft:name_tag":1,"minecraft:bone":14,"minecraft:acacia_planks":1,"minecraft:apple":1,"minecraft:wheat_seeds":223,"minecraft:raw_gold":6,"minecraft:stone_pickaxe":1,"minecraft:iron_ingot":4,"minecraft:cooked_chicken":2,"minecraft:acacia_sapling":54,"minecraft:book":39,"minecraft:music_disc_13":1,"enigmaticlegacy:iron_ring":1,"minecraft:spider_eye":2,"tombstone:scroll_of_mercy":1,"ars_nouveau:wilden_spike":5,"minecraft:diamond":13,"minecraft:granite":10,"minecraft:bread":1,"tombstone:magic_scroll":2,"minecraft:oak_sapling":20,"minecraft:acacia_slab":1,"minecraft:coal":87},"minecraft:killed":{"minecraft:witch":1,"minecraft:spider":5,"minecraft:skeleton":12,"minecraft:chicken":2,"minecraft:llama":2,"minecraft:sheep":3,"minecraft:zombie":14,"creeperoverhaul:savannah_creeper":2,"minecraft:villager":5,"minecraft:cow":5},"minecraft:custom":{"enigmaticlegacy:play_time_with_seven_curses":0,"minecraft:mob_kills":51,"minecraft:interact_with_crafting_table":17,"minecraft:bell_ring":11,"minecraft:eat_cake_slice":5,"minecraft:time_since_death":60899,"minecraft:sprint_one_cm":82453,"minecraft:walk_one_cm":491384,"minecraft:drop":39,"tombstone:eaten_lollipop":2,"minecraft:play_time":99419,"minecraft:deaths":1,"minecraft:sneak_time":4009,"minecraft:walk_under_water_one_cm":6584,"minecraft:jump":1318,"minecraft:walk_on_water_one_cm":8330,"minecraft:total_world_time":99419,"minecraft:interact_with_furnace":44,"enigmaticlegacy:play_time_without_seven_curses":99387,"minecraft:time_since_rest":60588,"minecraft:damage_taken":1299,"minecraft:damage_absorbed":99,"minecraft:damage_dealt":9568,"minecraft:swim_one_cm":997,"minecraft:fly_one_cm":111862,"minecraft:crouch_one_cm":12091,"minecraft:open_chest":13,"tombstone:undead_killed":26,"minecraft:fall_one_cm":18424,"minecraft:horse_one_cm":2041},"minecraft:used":{"minecraft:stone_sword":113,"minecraft:iron_shovel":37,"minecraft:chest":2,"minecraft:iron_sword":139,"tombstone:lollipop":2,"minecraft:cooked_chicken":3,"minecraft:rotten_flesh":7,"minecraft:iron_chestplate":1,"minecraft:torch":17,"minecraft:dirt":9,"minecraft:acacia_sapling":3,"minecraft:tuff":3,"minecraft:granite":10,"minecraft:iron_axe":152,"minecraft:iron_boots":1,"minecraft:hay_block":3,"minecraft:furnace":2,"tombstone:gift":2,"minecraft:cooked_beef":3,"minecraft:cobbled_deepslate":61,"minecraft:wheat_seeds":50,"minecraft:cooked_mutton":2,"minecraft:stone_pickaxe":64,"minecraft:wooden_pickaxe":59,"minecraft:white_wool":4,"minecraft:crafting_table":5,"sophisticatedbackpacks:backpack":2,"minecraft:bread":1,"minecraft:iron_pickaxe":184,"tombstone:grave_key":1,"minecraft:stone_axe":39,"minecraft:wooden_sword":41,"minecraft:cobblestone":55,"minecraft:andesite":2},"minecraft:dropped":{"farmersdelight:tomato_seeds":6,"minecraft:wheat_seeds":41,"minecraft:cooked_beef":1,"minecraft:diamond":1,"minecraft:cobblestone":9,"minecraft:leather":2,"minecraft:apple":1,"crockpot:unknown_seeds":1,"minecraft:item_frame":6,"minecraft:dirt":5,"delchoco:gysahl_green_seeds":4,"minecraft:wooden_hoe":1,"minecraft:wooden_sword":3,"minecraft:iron_pickaxe":2,"minecraft:acacia_door":2,"minecraft:white_wool":2,"minecraft:stone_axe":1,"minecraft:stone_sword":1,"minecraft:wheat":3,"minecraft:rotten_flesh":2,"enigmaticlegacy:cursed_ring":1,"minecraft:hay_block":48,"minecraft:diamond_pickaxe":1,"minecraft:beetroot_seeds":6,"minecraft:chest":1,"minecraft:stone_pickaxe":2},"minecraft:mined":{"minecraft:diamond_ore":3,"minecraft:tuff":3,"delchoco:gysahl_green":1,"minecraft:deepslate_diamond_ore":10,"minecraft:granite":10,"minecraft:acacia_log":99,"minecraft:grass_block":7,"minecraft:acacia_slab":3,"minecraft:spawner":1,"minecraft:hay_block":52,"minecraft:furnace":2,"minecraft:iron_ore":31,"minecraft:cobbled_deepslate":3,"minecraft:andesite":2,"minecraft:deepslate_lapis_ore":2,"minecraft:bookshelf":16,"minecraft:deepslate_iron_ore":27,"minecraft:stone":91,"minecraft:white_wool":4,"minecraft:orange_bed":1,"minecraft:acacia_leaves":5,"minecraft:blue_stained_glass":13,"minecraft:crafting_table":5,"minecraft:torch":6,"minecraft:honey_block":15,"minecraft:melon":25,"minecraft:chest":6,"minecraft:lime_carpet":1,"minecraft:campfire":2,"minecraft:tall_grass":13,"minecraft:cobblestone":13,"minecraft:deepslate_gold_ore":6,"minecraft:wall_torch":5,"minecraft:air":3,"minecraft:yellow_wool":1,"minecraft:wheat":76,"minecraft:grass":30,"minecraft:oak_log":21,"minecraft:coal_ore":48,"minecraft:gravel":11,"minecraft:dirt":6,"minecraft:deepslate":47}},"DataVersion":3465}