{"stats":{"minecraft:broken":{"minecraft:wooden_pickaxe":1},"minecraft:crafted":{"minecraft:wooden_sword":1,"minecraft:crafting_table":1,"minecraft:stick":4,"minecraft:wooden_pickaxe":1,"minecraft:stone_sword":1,"minecraft:acacia_planks":12},"minecraft:picked_up":{"minecraft:crafting_table":1,"minecraft:chicken":1,"minecraft:acacia_log":8,"doggytalents:rice_grains":2,"iceandfire:rotten_egg":1,"minecraft:spider_eye":1,"crockpot:unknown_seeds":3,"minecraft:dirt":4,"minecraft:rotten_flesh":2,"minecraft:wheat_seeds":3,"minecraft:cooked_chicken":2,"tombstone:essence_of_undeath":1,"tombstone:magic_scroll":1,"minecraft:mutton":2,"minecraft:coal":13,"minecraft:acacia_sapling":1,"minecraft:white_wool":6,"minecraft:cobblestone":41},"minecraft:killed":{"minecraft:sheep":2,"minecraft:zombie":3,"minecraft:chicken":1},"minecraft:custom":{"minecraft:time_since_rest":15419,"enigmaticlegacy:play_time_with_seven_curses":0,"minecraft:interact_with_furnace":5,"minecraft:sprint_one_cm":5977,"minecraft:damage_taken":234,"minecraft:walk_one_cm":81966,"minecraft:mob_kills":6,"minecraft:drop":4,"minecraft:damage_dealt":1322,"enigmaticlegacy:play_time_without_seven_curses":15419,"minecraft:interact_with_crafting_table":3,"minecraft:fly_one_cm":10142,"minecraft:open_chest":1,"minecraft:crouch_one_cm":145,"minecraft:play_time":15419,"tombstone:undead_killed":3,"minecraft:sneak_time":37,"minecraft:jump":220,"minecraft:time_since_death":15419,"minecraft:total_world_time":15419,"minecraft:fall_one_cm":1312,"minecraft:horse_one_cm":2041},"minecraft:used":{"minecraft:wooden_pickaxe":59,"minecraft:white_wool":4,"minecraft:wooden_sword":41,"minecraft:crafting_table":1},"minecraft:dropped":{"minecraft:cobblestone":9,"minecraft:wooden_sword":1,"crockpot:unknown_seeds":1},"minecraft:mined":{"minecraft:acacia_leaves":5,"minecraft:crafting_table":1,"minecraft:grass":6,"minecraft:acacia_log":9,"minecraft:grass_block":1,"minecraft:coal_ore":14,"minecraft:dirt":3,"minecraft:tall_grass":3,"minecraft:stone":45,"minecraft:white_wool":4}},"DataVersion":3465}