{"stats":{"minecraft:broken":{"minecraft:wooden_pickaxe":1},"minecraft:crafted":{"minecraft:cooked_beef":2,"minecraft:wooden_sword":1,"minecraft:crafting_table":1,"minecraft:wooden_pickaxe":1,"minecraft:stone_axe":1,"minecraft:cooked_mutton":2,"minecraft:air":0,"minecraft:stick":8,"minecraft:iron_pickaxe":1,"minecraft:stone_pickaxe":1,"minecraft:stone_sword":1,"minecraft:acacia_planks":12},"minecraft:picked_up":{"ars_nouveau:caster_tome":1,"minecraft:wheat":3,"delchoco:gysahl_green_seeds":1,"minecraft:crafting_table":2,"minecraft:chicken":1,"minecraft:leather":7,"alexsmobs:acacia_blossom":2,"ars_nouveau:warp_scroll":2,"doggytalents:rice_grains":2,"paraglider:spirit_orb":2,"ars_nouveau:wilden_wing":2,"minecraft:oak_log":19,"enigmaticlegacy:enigmatic_eye":2,"crockpot:unknown_seeds":3,"minecraft:dirt":4,"minecraft:string":7,"minecraft:name_tag":1,"minecraft:bone":8,"minecraft:apple":1,"minecraft:wheat_seeds":4,"minecraft:iron_ingot":3,"minecraft:beef":5,"minecraft:cooked_chicken":2,"minecraft:chest":2,"minecraft:acacia_sapling":4,"farmersdelight:cabbage_seeds":6,"minecraft:stick":14,"minecraft:music_disc_13":1,"enigmaticlegacy:iron_ring":1,"minecraft:acacia_log":18,"farmersdelight:tomato_seeds":1,"iceandfire:rotten_egg":1,"minecraft:redstone":2,"minecraft:spider_eye":2,"tombstone:scroll_of_mercy":1,"ars_nouveau:wilden_spike":2,"minecraft:rotten_flesh":11,"minecraft:beetroot_seeds":3,"minecraft:bread":1,"tombstone:essence_of_undeath":1,"tombstone:magic_scroll":1,"minecraft:oak_sapling":8,"minecraft:mutton":4,"minecraft:coal":47,"minecraft:white_wool":7,"minecraft:cobblestone":58},"minecraft:killed":{"minecraft:spider":2,"minecraft:sheep":3,"minecraft:zombie":3,"minecraft:chicken":1,"minecraft:cow":3},"minecraft:custom":{"enigmaticlegacy:play_time_with_seven_curses":0,"minecraft:interact_with_furnace":12,"minecraft:mob_kills":12,"enigmaticlegacy:play_time_without_seven_curses":27419,"minecraft:interact_with_crafting_table":5,"minecraft:time_since_death":27419,"minecraft:time_since_rest":27419,"minecraft:sprint_one_cm":6010,"minecraft:damage_taken":374,"minecraft:walk_one_cm":140523,"minecraft:drop":8,"minecraft:damage_dealt":2002,"minecraft:fly_one_cm":10334,"minecraft:open_chest":6,"minecraft:crouch_one_cm":738,"minecraft:play_time":27419,"tombstone:undead_killed":3,"minecraft:sneak_time":245,"minecraft:jump":355,"minecraft:total_world_time":27419,"minecraft:fall_one_cm":2748,"minecraft:horse_one_cm":2041},"minecraft:used":{"minecraft:cooked_mutton":2,"minecraft:stone_sword":37,"minecraft:stone_pickaxe":52,"minecraft:wooden_pickaxe":59,"minecraft:cooked_chicken":2,"minecraft:white_wool":4,"minecraft:dirt":4,"minecraft:crafting_table":2,"minecraft:acacia_sapling":3,"minecraft:stone_axe":39,"minecraft:wooden_sword":41,"minecraft:cobblestone":5,"minecraft:cooked_beef":1},"minecraft:dropped":{"minecraft:wheat":3,"minecraft:cobblestone":9,"minecraft:rotten_flesh":1,"minecraft:apple":1,"crockpot:unknown_seeds":1,"enigmaticlegacy:cursed_ring":1,"minecraft:wooden_sword":1},"minecraft:mined":{"minecraft:acacia_leaves":5,"minecraft:crafting_table":2,"minecraft:acacia_log":19,"minecraft:grass_block":1,"minecraft:chest":2,"minecraft:tall_grass":3,"minecraft:cobblestone":6,"minecraft:spawner":1,"minecraft:air":1,"minecraft:grass":13,"minecraft:coal_ore":48,"minecraft:oak_log":17,"minecraft:dirt":3,"minecraft:stone":56,"minecraft:white_wool":4}},"DataVersion":3465}