{"stats":{"minecraft:broken":{"minecraft:wooden_pickaxe":1},"minecraft:crafted":{"minecraft:wooden_sword":1,"minecraft:cooked_chicken":1,"minecraft:furnace":1,"minecraft:cooked_mutton":2,"minecraft:iron_boots":1,"minecraft:iron_axe":1,"minecraft:stone_pickaxe":2,"minecraft:cooked_beef":7,"minecraft:crafting_table":2,"minecraft:wooden_pickaxe":1,"minecraft:iron_helmet":1,"minecraft:iron_sword":1,"minecraft:stone_axe":1,"minecraft:air":0,"minecraft:iron_chestplate":2,"minecraft:diamond_pickaxe":1,"minecraft:stick":12,"minecraft:iron_ingot":46,"minecraft:iron_pickaxe":2,"minecraft:stone_sword":1,"minecraft:iron_shovel":1,"minecraft:iron_leggings":1,"minecraft:gold_ingot":6,"minecraft:acacia_planks":16,"minecraft:torch":20},"minecraft:picked_up":{"ars_nouveau:caster_tome":1,"minecraft:crafting_table":3,"minecraft:wheat":3,"minecraft:chicken":2,"ars_nouveau:warp_scroll":2,"enigmaticlegacy:enigmatic_eye":2,"minecraft:string":8,"minecraft:cobbled_deepslate":61,"minecraft:beef":10,"minecraft:iron_pickaxe":1,"minecraft:chest":2,"farmersdelight:cabbage_seeds":6,"minecraft:furnace":1,"minecraft:stick":26,"minecraft:raw_iron":62,"minecraft:torch":5,"minecraft:acacia_log":72,"farmersdelight:tomato_seeds":1,"iceandfire:rotten_egg":1,"tombstone:grave_dust":5,"minecraft:redstone":2,"tombstone:lollipop":1,"minecraft:arrow":6,"minecraft:rotten_flesh":21,"minecraft:beetroot_seeds":3,"tombstone:essence_of_undeath":1,"minecraft:mutton":4,"minecraft:white_wool":7,"minecraft:cobblestone":88,"delchoco:gysahl_green_seeds":2,"minecraft:feather":2,"minecraft:andesite":2,"minecraft:leather":11,"alexsmobs:acacia_blossom":6,"doggytalents:rice_grains":2,"paraglider:spirit_orb":2,"ars_nouveau:wilden_wing":2,"minecraft:tuff":3,"minecraft:oak_log":19,"crockpot:unknown_seeds":3,"minecraft:lapis_lazuli":11,"minecraft:dirt":9,"minecraft:name_tag":1,"minecraft:bone":14,"minecraft:apple":1,"minecraft:wheat_seeds":4,"minecraft:raw_gold":6,"minecraft:iron_ingot":3,"minecraft:cooked_chicken":2,"minecraft:acacia_sapling":23,"minecraft:music_disc_13":1,"enigmaticlegacy:iron_ring":1,"minecraft:spider_eye":2,"tombstone:scroll_of_mercy":1,"ars_nouveau:wilden_spike":2,"minecraft:diamond":13,"minecraft:granite":10,"minecraft:bread":1,"tombstone:magic_scroll":1,"minecraft:oak_sapling":8,"minecraft:coal":69},"minecraft:killed":{"minecraft:spider":3,"minecraft:skeleton":7,"minecraft:chicken":2,"minecraft:llama":2,"minecraft:sheep":3,"minecraft:zombie":10,"minecraft:cow":5},"minecraft:custom":{"enigmaticlegacy:play_time_with_seven_curses":0,"minecraft:mob_kills":32,"minecraft:interact_with_crafting_table":16,"minecraft:time_since_death":36899,"minecraft:sprint_one_cm":36621,"minecraft:walk_one_cm":344459,"minecraft:drop":17,"minecraft:play_time":75419,"minecraft:deaths":1,"minecraft:sneak_time":3454,"minecraft:walk_under_water_one_cm":6584,"minecraft:jump":974,"minecraft:walk_on_water_one_cm":7611,"minecraft:total_world_time":75419,"minecraft:interact_with_furnace":37,"enigmaticlegacy:play_time_without_seven_curses":75387,"minecraft:time_since_rest":36588,"minecraft:damage_taken":1125,"minecraft:damage_dealt":5404,"minecraft:swim_one_cm":997,"minecraft:fly_one_cm":52770,"minecraft:crouch_one_cm":9990,"minecraft:open_chest":7,"tombstone:undead_killed":17,"minecraft:fall_one_cm":11136,"minecraft:horse_one_cm":2041},"minecraft:used":{"minecraft:stone_sword":113,"minecraft:iron_shovel":5,"minecraft:chest":2,"minecraft:iron_sword":15,"minecraft:cooked_chicken":3,"minecraft:rotten_flesh":7,"minecraft:iron_chestplate":1,"minecraft:torch":11,"minecraft:dirt":9,"minecraft:acacia_sapling":3,"minecraft:tuff":3,"minecraft:granite":10,"minecraft:iron_axe":70,"minecraft:iron_boots":1,"minecraft:furnace":2,"tombstone:gift":2,"minecraft:cooked_beef":2,"minecraft:cobbled_deepslate":61,"minecraft:cooked_mutton":2,"minecraft:stone_pickaxe":64,"minecraft:wooden_pickaxe":59,"minecraft:white_wool":4,"minecraft:crafting_table":4,"minecraft:bread":1,"minecraft:iron_pickaxe":161,"tombstone:grave_key":1,"minecraft:stone_axe":39,"minecraft:wooden_sword":41,"minecraft:cobblestone":50,"minecraft:andesite":2},"minecraft:dropped":{"minecraft:cooked_beef":1,"minecraft:diamond":1,"minecraft:cobblestone":9,"minecraft:apple":1,"crockpot:unknown_seeds":1,"minecraft:wooden_sword":1,"minecraft:iron_pickaxe":2,"minecraft:stone_axe":1,"minecraft:stone_sword":1,"minecraft:wheat":3,"minecraft:rotten_flesh":2,"enigmaticlegacy:cursed_ring":1,"minecraft:diamond_pickaxe":1,"minecraft:stone_pickaxe":1},"minecraft:mined":{"minecraft:diamond_ore":3,"minecraft:tuff":3,"minecraft:deepslate_diamond_ore":10,"minecraft:granite":10,"minecraft:acacia_log":77,"minecraft:grass_block":4,"minecraft:spawner":1,"minecraft:furnace":1,"minecraft:iron_ore":31,"minecraft:cobbled_deepslate":3,"minecraft:andesite":2,"minecraft:deepslate_lapis_ore":2,"minecraft:deepslate_iron_ore":27,"minecraft:stone":76,"minecraft:white_wool":4,"minecraft:acacia_leaves":5,"minecraft:crafting_table":3,"minecraft:torch":3,"minecraft:chest":2,"minecraft:tall_grass":3,"minecraft:cobblestone":13,"minecraft:deepslate_gold_ore":6,"minecraft:wall_torch":3,"minecraft:air":3,"minecraft:grass":15,"minecraft:oak_log":17,"minecraft:coal_ore":48,"minecraft:dirt":5,"minecraft:deepslate":47}},"DataVersion":3465}