{
  "ars_nouveau:recipes/misc/ritual_flight": {
    "criteria": {
      "has_journal": "2024-10-25 23:52:55 +0000"
    },
    "done": true
  },
  "minecraft:recipes/building_blocks/polished_deepslate": {
    "criteria": {
      "has_cobbled_deepslate": "2024-10-26 00:16:24 +0000"
    },
    "done": true
  },
  "minecraft:recipes/decorations/ladder": {
    "criteria": {
      "has_stick": "2024-10-25 23:55:33 +0000"
    },
    "done": true
  },
  "ars_nouveau:recipes/building_blocks/smooth_gilded_sourcestone_basketweave_stonecutter_stair": {
    "criteria": {
      "has_journal": "2024-10-25 23:52:55 +0000"
    },
    "done": true
  },
  "spartanweaponry:recipes/stone_glaive": {
    "criteria": {
      "has_cobblestone": "2024-10-25 23:56:53 +0000"
    },
    "done": true
  },
  "ars_nouveau:recipes/building_blocks/smooth_gilded_sourcestone_large_bricks_stonecutter_stair": {
    "criteria": {
      "has_journal": "2024-10-25 23:52:55 +0000"
    },
    "done": true
  },
  "spartanweaponry:recipes/cestus": {
    "criteria": {
      "has_wool": "2024-10-26 00:00:18 +0000"
    },
    "done": true
  },
  "ars_nouveau:recipes/building_blocks/smooth_gilded_sourcestone_mosaic_stone_cutterslab": {
    "criteria": {
      "has_journal": "2024-10-25 23:52:55 +0000"
    },
    "done": true
  },
  "shieldexp:recipes/wooden_shield": {
    "criteria": {
      "has_stick": "2024-10-25 23:55:33 +0000"
    },
    "done": true
  },
  "ars_nouveau:recipes/misc/ritual_fertility": {
    "criteria": {
      "has_journal": "2024-10-25 23:52:55 +0000"
    },
    "done": true
  },
  "minecraft:recipes/food/cooked_chicken_from_campfire_cooking": {
    "criteria": {
      "has_chicken": "2024-10-26 00:08:06 +0000"
    },
    "done": true
  },
  "spartanweaponry:recipes/stone_longsword": {
    "criteria": {
      "has_cobblestone": "2024-10-25 23:56:53 +0000"
    },
    "done": true
  },
  "paraglider:root": {
    "criteria": {
      "crafting_table": "2024-10-25 23:55:22 +0000"
    },
    "done": true
  },
  "mcwbridges:recipes/acacia_log_bridge_middle": {
    "criteria": {
      "has_planks": "2024-10-25 23:55:17 +0000"
    },
    "done": true
  },
  "aether:recipes/decorations/skyroot_loom": {
    "criteria": {
      "has_string": "2024-10-26 00:13:11 +0000"
    },
    "done": true
  },
  "ars_nouveau:recipes/misc/gilded_sourcestone_large_bricks_to_sourcestone": {
    "criteria": {
      "has_journal": "2024-10-25 23:52:55 +0000"
    },
    "done": true
  },
  "ars_nouveau:recipes/misc/ritual_animal_summon": {
    "criteria": {
      "has_journal": "2024-10-25 23:52:55 +0000"
    },
    "done": true
  },
  "aquaculture:recipes/aquaculture/heavy_hook": {
    "criteria": {
      "has_items": "2024-10-25 23:52:54 +0000"
    },
    "done": true
  },
  "ars_nouveau:recipes/building_blocks/smooth_sourcestone_slab": {
    "criteria": {
      "has_journal": "2024-10-25 23:52:55 +0000"
    },
    "done": true
  },
  "minecraft:recipes/building_blocks/raw_iron_block": {
    "criteria": {
      "has_raw_iron": "2024-10-26 00:14:32 +0000"
    },
    "done": true
  },
  "biomesoplenty:recipes/transportation/willow_boat": {
    "criteria": {
      "in_water": "2024-10-26 00:02:08 +0000"
    },
    "done": true
  },
  "ars_nouveau:recipes/building_blocks/sourcestone_large_bricks_stonecutter_stair": {
    "criteria": {
      "has_journal": "2024-10-25 23:52:55 +0000"
    },
    "done": true
  },
  "enigmaticlegacy:book/accessories/magnet_ring": {
    "criteria": {
      "has_the_recipe": "2024-10-26 00:13:13 +0000"
    },
    "done": true
  },
  "aether:recipes/transportation/skyroot_boat": {
    "criteria": {
      "in_water": "2024-10-26 00:02:08 +0000"
    },
    "done": true
  },
  "spartanweaponry:recipes/stone_battle_hammer": {
    "criteria": {
      "has_cobblestone": "2024-10-25 23:56:53 +0000"
    },
    "done": true
  },
  "ars_nouveau:recipes/misc/manipulation_essence_to_andesite": {
    "criteria": {
      "has_journal": "2024-10-25 23:52:55 +0000"
    },
    "done": true
  },
  "doggytalents:recipes/decorations/bowtie": {
    "criteria": {
      "has_string": "2024-10-26 00:13:11 +0000"
    },
    "done": true
  },
  "aquaculture:recipes/misc/neptunium_ingot_from_neptunium_block": {
    "criteria": {
      "has_items": "2024-10-25 23:52:54 +0000"
    },
    "done": true
  },
  "ars_nouveau:recipes/misc/green_archwood_wood": {
    "criteria": {
      "has_journal": "2024-10-25 23:52:55 +0000"
    },
    "done": true
  },
  "spartanshields:recipes/wooden_basic_shield": {
    "criteria": {
      "has_planks": "2024-10-25 23:55:17 +0000"
    },
    "done": true
  },
  "doggytalents:recipes/decorations/sunglasses": {
    "criteria": {
      "has_stick": "2024-10-25 23:55:33 +0000"
    },
    "done": true
  },
  "create:root": {
    "criteria": {
      "0": "2024-10-25 23:52:54 +0000"
    },
    "done": true
  },
  "ars_nouveau:recipes/misc/gilded_sourcestone_large_bricks_stairs": {
    "criteria": {
      "has_journal": "2024-10-25 23:52:55 +0000"
    },
    "done": true
  },
  "minecraft:recipes/tools/wooden_axe": {
    "criteria": {
      "has_stick": "2024-10-25 23:55:33 +0000"
    },
    "done": true
  },
  "ars_nouveau:recipes/misc/smooth_sourcestone_stairs": {
    "criteria": {
      "has_journal": "2024-10-25 23:52:55 +0000"
    },
    "done": true
  },
  "simplyswords:grant_book_on_first_join": {
    "criteria": {
      "tick": "2024-10-25 23:52:55 +0000"
    },
    "done": true
  },
  "ars_nouveau:recipes/misc/ritual_brazier": {
    "criteria": {
      "has_journal": "2024-10-25 23:52:55 +0000"
    },
    "done": true
  },
  "ars_nouveau:recipes/misc/manipulation_essence_to_mycelium": {
    "criteria": {
      "has_journal": "2024-10-25 23:52:55 +0000"
    },
    "done": true
  },
  "ars_nouveau:recipes/building_blocks/stripped_green_archwood_wood": {
    "criteria": {
      "has_journal": "2024-10-25 23:52:55 +0000"
    },
    "done": true
  },
  "farmersdelight:recipes/cooking/chicken_soup": {
    "criteria": {
      "has_any_ingredient": "2024-10-26 00:08:06 +0000"
    },
    "done": true
  },
  "create:recipes/building_blocks/crafting/kinetics/blue_seat": {
    "criteria": {
      "has_wool": "2024-10-26 00:00:18 +0000"
    },
    "done": true
  },
  "ars_nouveau:recipes/building_blocks/smooth_gilded_sourcestone_basketweave_stone_cutterslab": {
    "criteria": {
      "has_journal": "2024-10-25 23:52:55 +0000"
    },
    "done": true
  },
  "ars_nouveau:recipes/misc/spike_to_arrow": {
    "criteria": {
      "has_journal": "2024-10-25 23:52:55 +0000"
    },
    "done": true
  },
  "doggytalents:recipes/decorations/giant_stick": {
    "criteria": {
      "has_stick": "2024-10-25 23:55:33 +0000"
    },
    "done": true
  },
  "ars_nouveau:recipes/misc/void_prism": {
    "criteria": {
      "has_journal": "2024-10-25 23:52:55 +0000"
    },
    "done": true
  },
  "enigmaticlegacy:main/root": {
    "criteria": {
      "flower": "2024-10-25 23:52:55 +0000"
    },
    "done": true
  },
  "ars_nouveau:recipes/misc/relay": {
    "criteria": {
      "has_journal": "2024-10-25 23:52:55 +0000"
    },
    "done": true
  },
  "ars_nouveau:recipes/misc/ritual_burrowing": {
    "criteria": {
      "has_journal": "2024-10-25 23:52:55 +0000"
    },
    "done": true
  },
  "ars_nouveau:recipes/misc/ritual_overgrowth": {
    "criteria": {
      "has_journal": "2024-10-25 23:52:55 +0000"
    },
    "done": true
  },
  "enigmaticlegacy:recipes/generic/magnet_ring": {
    "criteria": {
      "has_recipe_result": "2024-10-26 00:13:13 +0000"
    },
    "done": true
  },
  "minecraft:recipes/decorations/crafting_table": {
    "criteria": {
      "unlock_right_away": "2024-10-25 23:52:55 +0000"
    },
    "done": true
  },
  "minecraft:recipes/decorations/chest": {
    "criteria": {
      "has_lots_of_items": "2024-10-25 23:54:18 +0000"
    },
    "done": true
  },
  "minecraft:recipes/misc/stick": {
    "criteria": {
      "has_planks": "2024-10-25 23:55:17 +0000"
    },
    "done": true
  },
  "ars_nouveau:recipes/misc/sunrise_2": {
    "criteria": {
      "has_journal": "2024-10-25 23:52:55 +0000"
    },
    "done": true
  },
  "minecraft:recipes/transportation/cherry_boat": {
    "criteria": {
      "in_water": "2024-10-26 00:02:08 +0000"
    },
    "done": true
  },
  "create:recipes/building_blocks/crafting/kinetics/light_blue_seat": {
    "criteria": {
      "has_wool": "2024-10-26 00:00:18 +0000"
    },
    "done": true
  },
  "ars_nouveau:recipes/misc/manipulation_essence_to_diorite": {
    "criteria": {
      "has_journal": "2024-10-25 23:52:55 +0000"
    },
    "done": true
  },
  "minecraft:recipes/redstone/tripwire_hook": {
    "criteria": {
      "has_string": "2024-10-26 00:13:11 +0000"
    },
    "done": true
  },
  "doggytalents:recipes/decorations/wig": {
    "criteria": {
      "has_string": "2024-10-26 00:13:11 +0000"
    },
    "done": true
  },
  "ars_nouveau:recipes/building_blocks/gilded_sourcestone_alternating_stone_cutterslab": {
    "criteria": {
      "has_journal": "2024-10-25 23:52:55 +0000"
    },
    "done": true
  },
  "minecraft:recipes/building_blocks/acacia_stairs": {
    "criteria": {
      "has_planks": "2024-10-25 23:55:17 +0000"
    },
    "done": true
  },
  "spartanweaponry:recipes/wooden_saber": {
    "criteria": {
      "has_wood": "2024-10-25 23:55:17 +0000"
    },
    "done": true
  },
  "minecraft:recipes/decorations/candle": {
    "criteria": {
      "has_string": "2024-10-26 00:13:11 +0000"
    },
    "done": true
  },
  "biomesoplenty:recipes/transportation/dead_boat": {
    "criteria": {
      "in_water": "2024-10-26 00:02:08 +0000"
    },
    "done": true
  },
  "mcwbridges:recipes/acacia_rail_bridge": {
    "criteria": {
      "has_planks": "2024-10-25 23:55:17 +0000"
    },
    "done": true
  },
  "ars_nouveau:recipes/misc/clear_deny": {
    "criteria": {
      "has_journal": "2024-10-25 23:52:55 +0000"
    },
    "done": true
  },
  "spartanweaponry:recipes/wooden_javelin": {
    "criteria": {
      "has_wood": "2024-10-25 23:55:17 +0000"
    },
    "done": true
  },
  "biomesoplenty:recipes/transportation/magic_boat": {
    "criteria": {
      "in_water": "2024-10-26 00:02:08 +0000"
    },
    "done": true
  },
  "ars_nouveau:recipes/misc/moonfall_2": {
    "criteria": {
      "has_journal": "2024-10-25 23:52:55 +0000"
    },
    "done": true
  },
  "aether:recipes/combat/bow_repairing": {
    "criteria": {
      "has_bow": "2024-10-26 00:13:13 +0000"
    },
    "done": true
  },
  "ars_nouveau:recipes/misc/spell_prism": {
    "criteria": {
      "has_journal": "2024-10-25 23:52:55 +0000"
    },
    "done": true
  },
  "ars_nouveau:recipes/misc/polished_source_sconce": {
    "criteria": {
      "has_journal": "2024-10-25 23:52:55 +0000"
    },
    "done": true
  },
  "ars_nouveau:recipes/misc/gilded_sourcestone_alternating_stairs": {
    "criteria": {
      "has_journal": "2024-10-25 23:52:55 +0000"
    },
    "done": true
  },
  "farmersdelight:main/plant_all_crops": {
    "criteria": {
      "wheat": "2024-10-26 00:02:28 +0000"
    },
    "done": false
  },
  "spartanweaponry:recipes/wooden_quarterstaff": {
    "criteria": {
      "has_wood": "2024-10-25 23:55:17 +0000"
    },
    "done": true
  },
  "ars_nouveau:recipes/misc/ritual_sunrise": {
    "criteria": {
      "has_journal": "2024-10-25 23:52:55 +0000"
    },
    "done": true
  },
  "ars_nouveau:recipes/misc/wipe_spell_parchment": {
    "criteria": {
      "has_journal": "2024-10-25 23:52:55 +0000"
    },
    "done": true
  },
  "doggytalents:recipes/decorations/locator_orb_shin": {
    "criteria": {
      "has_string": "2024-10-26 00:13:11 +0000"
    },
    "done": true
  },
  "ars_nouveau:recipes/misc/wixie_hat": {
    "criteria": {
      "has_journal": "2024-10-25 23:52:55 +0000"
    },
    "done": true
  },
  "spartanweaponry:recipes/stone_boomerang": {
    "criteria": {
      "has_cobblestone": "2024-10-25 23:56:53 +0000"
    },
    "done": true
  },
  "ars_nouveau:recipes/building_blocks/sourcestone_basketweave_stone_cutterslab": {
    "criteria": {
      "has_journal": "2024-10-25 23:52:55 +0000"
    },
    "done": true
  },
  "ars_nouveau:recipes/building_blocks/gilded_sourcestone_small_bricks_stonecutter_stair": {
    "criteria": {
      "has_journal": "2024-10-25 23:52:55 +0000"
    },
    "done": true
  },
  "spartanweaponry:recipes/wooden_club": {
    "criteria": {
      "has_wood_log": "2024-10-25 23:54:17 +0000"
    },
    "done": true
  },
  "ars_nouveau:recipes/misc/source_berry_pie": {
    "criteria": {
      "has_journal": "2024-10-25 23:52:55 +0000"
    },
    "done": true
  },
  "iceandfire:iceandfire/root": {
    "criteria": {
      "tick": "2024-10-25 23:52:55 +0000"
    },
    "done": true
  },
  "ars_nouveau:recipes/building_blocks/archwood_fence_gate": {
    "criteria": {
      "has_journal": "2024-10-25 23:52:55 +0000"
    },
    "done": true
  },
  "minecraft:recipes/building_blocks/polished_deepslate_from_cobbled_deepslate_stonecutting": {
    "criteria": {
      "has_cobbled_deepslate": "2024-10-26 00:16:24 +0000"
    },
    "done": true
  },
  "aether:recipes/redstone/skyroot_tripwire_hook": {
    "criteria": {
      "has_string": "2024-10-26 00:13:11 +0000"
    },
    "done": true
  },
  "ars_nouveau:recipes/misc/gilded_sourcestone_basketweave_to_sourcestone": {
    "criteria": {
      "has_journal": "2024-10-25 23:52:55 +0000"
    },
    "done": true
  },
  "create:recipes/building_blocks/acacia_window": {
    "criteria": {
      "has_ingredient": "2024-10-25 23:55:17 +0000"
    },
    "done": true
  },
  "ars_nouveau:recipes/misc/ritual_forestation": {
    "criteria": {
      "has_journal": "2024-10-25 23:52:55 +0000"
    },
    "done": true
  },
  "doggytalents:recipes/tools/feathered_mantle": {
    "criteria": {
      "has_feather": "2024-10-26 00:08:06 +0000"
    },
    "done": true
  },
  "minecraft:recipes/decorations/acacia_sign": {
    "criteria": {
      "has_planks": "2024-10-25 23:55:17 +0000"
    },
    "done": true
  },
  "ars_nouveau:recipes/misc/ritual_cloudshaping": {
    "criteria": {
      "has_journal": "2024-10-25 23:52:55 +0000"
    },
    "done": true
  },
  "minecraft:recipes/decorations/campfire": {
    "criteria": {
      "has_stick": "2024-10-25 23:55:33 +0000"
    },
    "done": true
  },
  "doggytalents:recipes/decorations/conan_suit": {
    "criteria": {
      "has_wool": "2024-10-26 00:00:18 +0000"
    },
    "done": true
  },
  "minecraft:recipes/food/cooked_chicken_from_smoking": {
    "criteria": {
      "has_chicken": "2024-10-26 00:08:06 +0000"
    },
    "done": true
  },
  "spartanweaponry:recipes/wooden_greatsword": {
    "criteria": {
      "has_wood": "2024-10-25 23:55:17 +0000"
    },
    "done": true
  },
  "ars_nouveau:recipes/misc/blank_parchment": {
    "criteria": {
      "has_journal": "2024-10-25 23:52:55 +0000"
    },
    "done": true
  },
  "ars_nouveau:recipes/building_blocks/archwood_fence": {
    "criteria": {
      "has_journal": "2024-10-25 23:52:55 +0000"
    },
    "done": true
  },
  "ars_nouveau:recipes/misc/archwood_planks": {
    "criteria": {
      "has_journal": "2024-10-25 23:52:55 +0000"
    },
    "done": true
  },
  "ars_nouveau:recipes/misc/potion_jar": {
    "criteria": {
      "has_journal": "2024-10-25 23:52:55 +0000"
    },
    "done": true
  },
  "ars_nouveau:recipes/misc/air_essence_to_snow_bucket": {
    "criteria": {
      "has_journal": "2024-10-25 23:52:55 +0000"
    },
    "done": true
  },
  "spartanweaponry:recipes/stone_battleaxe": {
    "criteria": {
      "has_cobblestone": "2024-10-25 23:56:53 +0000"
    },
    "done": true
  },
  "ars_nouveau:recipes/misc/ritual_disintegration": {
    "criteria": {
      "has_journal": "2024-10-25 23:52:55 +0000"
    },
    "done": true
  },
  "ars_nouveau:recipes/misc/warp_scroll": {
    "criteria": {
      "has_journal": "2024-10-25 23:52:55 +0000"
    },
    "done": true
  },
  "ars_nouveau:recipes/misc/starbuncle_shades": {
    "criteria": {
      "has_journal": "2024-10-25 23:52:55 +0000"
    },
    "done": true
  },
  "ars_nouveau:recipes/building_blocks/gilded_sourcestone_basketweave_stonecutter_stair": {
    "criteria": {
      "has_journal": "2024-10-25 23:52:55 +0000"
    },
    "done": true
  },
  "spartanweaponry:recipes/wooden_throwing_knife": {
    "criteria": {
      "has_wood": "2024-10-25 23:55:17 +0000"
    },
    "done": true
  },
  "ars_nouveau:recipes/building_blocks/sourcestone_basketweave_stonecutter_stair": {
    "criteria": {
      "has_journal": "2024-10-25 23:52:55 +0000"
    },
    "done": true
  },
  "croptopia:gather_all": {
    "criteria": {
      "bellpepper_seed": "2024-10-26 00:08:48 +0000",
      "rutabaga_seed": "2024-10-26 00:08:48 +0000",
      "zucchini_seed": "2024-10-26 00:08:48 +0000"
    },
    "done": false
  },
  "minecraft:recipes/redstone/dispenser": {
    "criteria": {
      "has_bow": "2024-10-26 00:13:13 +0000"
    },
    "done": true
  },
  "ars_nouveau:recipes/building_blocks/smooth_gilded_sourcestone_basketweave_slab": {
    "criteria": {
      "has_journal": "2024-10-25 23:52:55 +0000"
    },
    "done": true
  },
  "minecraft:recipes/building_blocks/cobblestone_slab": {
    "criteria": {
      "has_cobblestone": "2024-10-25 23:56:53 +0000"
    },
    "done": true
  },
  "biomesoplenty:recipes/transportation/pine_boat": {
    "criteria": {
      "in_water": "2024-10-26 00:02:08 +0000"
    },
    "done": true
  },
  "ars_nouveau:recipes/misc/mob_jar": {
    "criteria": {
      "has_journal": "2024-10-25 23:52:55 +0000"
    },
    "done": true
  },
  "paraglider:recipes/misc/paraglider": {
    "criteria": {
      "has_stick": "2024-10-25 23:55:33 +0000"
    },
    "done": true
  },
  "minecraft:recipes/transportation/acacia_boat": {
    "criteria": {
      "in_water": "2024-10-26 00:02:08 +0000"
    },
    "done": true
  },
  "aquaculture:recipes/decorations/acacia_fish_mount": {
    "criteria": {
      "has_items": "2024-10-25 23:52:54 +0000"
    },
    "done": true
  },
  "croptopia:getseeds": {
    "criteria": {
      "has_seeds": "2024-10-26 00:08:48 +0000"
    },
    "done": true
  },
  "ars_nouveau:recipes/building_blocks/sourcestone_basketweave_slab": {
    "criteria": {
      "has_journal": "2024-10-25 23:52:55 +0000"
    },
    "done": true
  },
  "minecraft:recipes/misc/iron_ingot_from_blasting_raw_iron": {
    "criteria": {
      "has_raw_iron": "2024-10-26 00:14:32 +0000"
    },
    "done": true
  },
  "spartanweaponry:recipes/wooden_flanged_mace": {
    "criteria": {
      "has_wood": "2024-10-25 23:55:17 +0000"
    },
    "done": true
  },
  "ars_nouveau:recipes/misc/manipulation_essence_to_flourishing_sapling": {
    "criteria": {
      "has_journal": "2024-10-25 23:52:55 +0000"
    },
    "done": true
  },
  "minecraft:recipes/building_blocks/acacia_wood": {
    "criteria": {
      "has_log": "2024-10-25 23:54:17 +0000"
    },
    "done": true
  },
  "minecraft:recipes/combat/wooden_sword": {
    "criteria": {
      "has_stick": "2024-10-25 23:55:33 +0000"
    },
    "done": true
  },
  "betterdungeons:root": {
    "criteria": {
      "always": "2024-10-25 23:52:55 +0000"
    },
    "done": true
  },
  "ars_nouveau:recipes/misc/smooth_sourcestone_basketweave_to_sourcestone": {
    "criteria": {
      "has_journal": "2024-10-25 23:52:55 +0000"
    },
    "done": true
  },
  "tombstone:recipes/from_grave_dust": {
    "criteria": {
      "has_ingredient": "2024-10-26 00:08:06 +0000"
    },
    "done": true
  },
  "mcwbridges:recipes/bridge_torch": {
    "criteria": {
      "has_planks": "2024-10-26 00:12:41 +0000"
    },
    "done": true
  },
  "aether:recipes/combat/white_cape": {
    "criteria": {
      "has_white_wool": "2024-10-26 00:00:18 +0000"
    },
    "done": true
  },
  "minecraft:recipes/decorations/cobblestone_wall_from_cobblestone_stonecutting": {
    "criteria": {
      "has_cobblestone": "2024-10-25 23:56:53 +0000"
    },
    "done": true
  },
  "ars_nouveau:recipes/misc/ritual_warping": {
    "criteria": {
      "has_journal": "2024-10-25 23:52:55 +0000"
    },
    "done": true
  },
  "doggytalents:recipes/decorations/dog_plushie_toy_item": {
    "criteria": {
      "has_white_wool": "2024-10-26 00:00:18 +0000"
    },
    "done": true
  },
  "ars_nouveau:recipes/building_blocks/smooth_sourcestone_large_bricks_slab": {
    "criteria": {
      "has_journal": "2024-10-25 23:52:55 +0000"
    },
    "done": true
  },
  "spartanweaponry:recipes/stone_rapier": {
    "criteria": {
      "has_cobblestone": "2024-10-25 23:56:53 +0000"
    },
    "done": true
  },
  "minecraft:recipes/building_blocks/cobblestone_stairs": {
    "criteria": {
      "has_cobblestone": "2024-10-25 23:56:53 +0000"
    },
    "done": true
  },
  "ars_nouveau:recipes/misc/arcane_core": {
    "criteria": {
      "has_journal": "2024-10-25 23:52:55 +0000"
    },
    "done": true
  },
  "farmersdelight:recipes/food/pie_crust": {
    "criteria": {
      "has_wheat": "2024-10-26 00:13:15 +0000"
    },
    "done": true
  },
  "ars_nouveau:recipes/building_blocks/smooth_sourcestone_mosaic_slab": {
    "criteria": {
      "has_journal": "2024-10-25 23:52:55 +0000"
    },
    "done": true
  },
  "aquaculture:recipes/aquaculture/light_hook": {
    "criteria": {
      "has_items": "2024-10-25 23:52:54 +0000"
    },
    "done": true
  },
  "ars_nouveau:recipes/misc/ritual_containment": {
    "criteria": {
      "has_journal": "2024-10-25 23:52:55 +0000"
    },
    "done": true
  },
  "ars_nouveau:recipes/misc/ritual_flowering": {
    "criteria": {
      "has_journal": "2024-10-25 23:52:55 +0000"
    },
    "done": true
  },
  "enigmaticlegacy:recipes/generic/super_magnet_ring": {
    "criteria": {
      "has_parent_recipe": "2024-10-26 00:13:13 +0000"
    },
    "done": false
  },
  "ars_nouveau:recipes/misc/manipulation_essence_to_tuff": {
    "criteria": {
      "has_journal": "2024-10-25 23:52:55 +0000"
    },
    "done": true
  },
  "ars_nouveau:recipes/misc/purple_archwood_wood": {
    "criteria": {
      "has_journal": "2024-10-25 23:52:55 +0000"
    },
    "done": true
  },
  "minecraft:recipes/transportation/jungle_boat": {
    "criteria": {
      "in_water": "2024-10-26 00:02:08 +0000"
    },
    "done": true
  },
  "tombstone:adventure/funeral_theft": {
    "criteria": {
      "coded_trigger": "2024-10-26 00:08:06 +0000"
    },
    "done": true
  },
  "ars_nouveau:recipes/misc/sconce": {
    "criteria": {
      "has_journal": "2024-10-25 23:52:55 +0000"
    },
    "done": true
  },
  "ars_nouveau:recipes/misc/smooth_gilded_sourcestone_small_bricks_to_sourcestone": {
    "criteria": {
      "has_journal": "2024-10-25 23:52:55 +0000"
    },
    "done": true
  },
  "minecraft:recipes/redstone/lever": {
    "criteria": {
      "has_cobblestone": "2024-10-25 23:56:53 +0000"
    },
    "done": true
  },
  "farmersdelight:recipes/cooking/dog_food": {
    "criteria": {
      "has_any_ingredient": "2024-10-25 23:58:04 +0000"
    },
    "done": true
  },
  "spartanweaponry:recipes/stone_saber": {
    "criteria": {
      "has_cobblestone": "2024-10-25 23:56:53 +0000"
    },
    "done": true
  },
  "twilightforest:recipes/transportation/mining_boat": {
    "criteria": {
      "in_water": "2024-10-26 00:02:08 +0000"
    },
    "done": true
  },
  "spartanweaponry:recipes/stone_scythe": {
    "criteria": {
      "has_cobblestone": "2024-10-25 23:56:53 +0000"
    },
    "done": true
  },
  "aquaculture:recipes/tools/iron_fishing_rod": {
    "criteria": {
      "has_vanilla_rod": "2024-10-25 23:52:54 +0000"
    },
    "done": true
  },
  "ars_nouveau:recipes/misc/ritual_gravity": {
    "criteria": {
      "has_journal": "2024-10-25 23:52:55 +0000"
    },
    "done": true
  },
  "minecraft:recipes/redstone/acacia_pressure_plate": {
    "criteria": {
      "has_planks": "2024-10-25 23:55:17 +0000"
    },
    "done": true
  },
  "ars_nouveau:recipes/building_blocks/smooth_sourcestone_basketweave_slab": {
    "criteria": {
      "has_journal": "2024-10-25 23:52:55 +0000"
    },
    "done": true
  },
  "ars_nouveau:recipes/building_blocks/smooth_sourcestone_mosaic_stonecutter_stair": {
    "criteria": {
      "has_journal": "2024-10-25 23:52:55 +0000"
    },
    "done": true
  },
  "ars_nouveau:recipes/building_blocks/smooth_sourcestone_small_bricks_stone_cutterslab": {
    "criteria": {
      "has_journal": "2024-10-25 23:52:55 +0000"
    },
    "done": true
  },
  "ars_nouveau:recipes/misc/wipe_starby_shard": {
    "criteria": {
      "has_journal": "2024-10-25 23:52:55 +0000"
    },
    "done": true
  },
  "minecraft:recipes/combat/stone_sword": {
    "criteria": {
      "has_cobblestone": "2024-10-25 23:56:53 +0000"
    },
    "done": true
  },
  "minecraft:recipes/decorations/cobblestone_wall": {
    "criteria": {
      "has_cobblestone": "2024-10-25 23:56:53 +0000"
    },
    "done": true
  },
  "blue_skies:recipes/building_blocks/food_prep_table": {
    "criteria": {
      "has_item": "2024-10-26 00:03:07 +0000"
    },
    "done": true
  },
  "ars_nouveau:recipes/misc/sourcestone_basketweave_to_sourcestone": {
    "criteria": {
      "has_journal": "2024-10-25 23:52:55 +0000"
    },
    "done": true
  },
  "minecraft:recipes/tools/stone_axe": {
    "criteria": {
      "has_cobblestone": "2024-10-25 23:56:53 +0000"
    },
    "done": true
  },
  "spartanweaponry:recipes/wooden_lance": {
    "criteria": {
      "has_wood": "2024-10-25 23:55:17 +0000"
    },
    "done": true
  },
  "farmersdelight:recipes/food/wheat_dough_from_eggs": {
    "criteria": {
      "has_wheat": "2024-10-26 00:13:15 +0000"
    },
    "done": true
  },
  "ars_nouveau:recipes/building_blocks/smooth_sourcestone_basketweave_stonecutter_stair": {
    "criteria": {
      "has_journal": "2024-10-25 23:52:55 +0000"
    },
    "done": true
  },
  "aether:recipes/tools/wooden_hoe_repairing": {
    "criteria": {
      "has_wooden_hoe": "2024-10-26 00:02:02 +0000"
    },
    "done": true
  },
  "minecraft:recipes/combat/bow": {
    "criteria": {
      "has_string": "2024-10-26 00:13:11 +0000"
    },
    "done": true
  },
  "minecraft:recipes/building_blocks/acacia_slab": {
    "criteria": {
      "has_planks": "2024-10-25 23:55:17 +0000"
    },
    "done": true
  },
  "ars_nouveau:recipes/misc/alchemical_sourcelink": {
    "criteria": {
      "has_journal": "2024-10-25 23:52:55 +0000"
    },
    "done": true
  },
  "ars_nouveau:recipes/misc/source_berry_roll": {
    "criteria": {
      "has_journal": "2024-10-25 23:52:55 +0000"
    },
    "done": true
  },
  "spartanweaponry:recipes/wooden_longsword": {
    "criteria": {
      "has_wood": "2024-10-25 23:55:17 +0000"
    },
    "done": true
  },
  "ars_nouveau:recipes/misc/smooth_sourcestone_alternating_to_sourcestone": {
    "criteria": {
      "has_journal": "2024-10-25 23:52:55 +0000"
    },
    "done": true
  },
  "ars_nouveau:recipes/misc/falseweave": {
    "criteria": {
      "has_journal": "2024-10-25 23:52:55 +0000"
    },
    "done": true
  },
  "ars_nouveau:recipes/misc/scribes_table": {
    "criteria": {
      "has_journal": "2024-10-25 23:52:55 +0000"
    },
    "done": true
  },
  "spartanshields:recipes/wooden_tower_shield": {
    "criteria": {
      "has_planks": "2024-10-25 23:55:17 +0000"
    },
    "done": true
  },
  "ars_nouveau:recipes/misc/manipulation_essence_to_calcite": {
    "criteria": {
      "has_journal": "2024-10-25 23:52:55 +0000"
    },
    "done": true
  },
  "create:recipes/building_blocks/crafting/kinetics/red_seat": {
    "criteria": {
      "has_wool": "2024-10-26 00:00:18 +0000"
    },
    "done": true
  },
  "ars_nouveau:recipes/building_blocks/sourcestone_large_bricks_slab": {
    "criteria": {
      "has_journal": "2024-10-25 23:52:55 +0000"
    },
    "done": true
  },
  "ars_nouveau:recipes/misc/archwood_trapdoor": {
    "criteria": {
      "has_journal": "2024-10-25 23:52:55 +0000"
    },
    "done": true
  },
  "create:recipes/building_blocks/crafting/kinetics/light_gray_seat": {
    "criteria": {
      "has_wool": "2024-10-26 00:00:18 +0000"
    },
    "done": true
  },
  "ars_nouveau:recipes/misc/green_sbed": {
    "criteria": {
      "has_journal": "2024-10-25 23:52:55 +0000"
    },
    "done": true
  },
  "ars_nouveau:recipes/building_blocks/gilded_sourcestone_alternating_slab": {
    "criteria": {
      "has_journal": "2024-10-25 23:52:55 +0000"
    },
    "done": true
  },
  "aquaculture:recipes/decorations/oak_fish_mount": {
    "criteria": {
      "has_items": "2024-10-25 23:52:54 +0000"
    },
    "done": true
  },
  "doggytalents:recipes/food/uncooked_rice_bowl": {
    "criteria": {
      "has_dtn_rice_grains": "2024-10-25 23:54:32 +0000"
    },
    "done": true
  },
  "twilightforest:recipes/transportation/mangrove_boat": {
    "criteria": {
      "in_water": "2024-10-26 00:02:08 +0000"
    },
    "done": true
  },
  "ars_nouveau:recipes/misc/smooth_gilded_sourcestone_basketweave_to_sourcestone": {
    "criteria": {
      "has_journal": "2024-10-25 23:52:55 +0000"
    },
    "done": true
  },
  "ars_nouveau:recipes/misc/horn_to_bonemeal": {
    "criteria": {
      "has_journal": "2024-10-25 23:52:55 +0000"
    },
    "done": true
  },
  "minecraft:recipes/decorations/smoker": {
    "criteria": {
      "has_furnace": "2024-10-26 00:03:07 +0000"
    },
    "done": true
  },
  "ars_nouveau:recipes/building_blocks/smooth_sourcestone_large_bricks_stonecutter_stair": {
    "criteria": {
      "has_journal": "2024-10-25 23:52:55 +0000"
    },
    "done": true
  },
  "ars_nouveau:recipes/building_blocks/smooth_gilded_sourcestone_alternating_slab": {
    "criteria": {
      "has_journal": "2024-10-25 23:52:55 +0000"
    },
    "done": true
  },
  "ars_nouveau:recipes/misc/worn_notebook": {
    "criteria": {
      "has_journal": "2024-10-25 23:52:55 +0000"
    },
    "done": true
  },
  "doggytalents:recipes/tools/throw_bone": {
    "criteria": {
      "has_bone": "2024-10-26 00:13:14 +0000"
    },
    "done": true
  },
  "spartanshields:recipes/stone_basic_shield": {
    "criteria": {
      "has_cobblestone": "2024-10-25 23:56:53 +0000"
    },
    "done": true
  },
  "biomesoplenty:recipes/transportation/fir_boat": {
    "criteria": {
      "in_water": "2024-10-26 00:02:08 +0000"
    },
    "done": true
  },
  "ars_nouveau:recipes/misc/potion_jar_empty": {
    "criteria": {
      "has_journal": "2024-10-25 23:52:55 +0000"
    },
    "done": true
  },
  "ars_nouveau:recipes/misc/fire_essence_to_magma_block": {
    "criteria": {
      "has_journal": "2024-10-25 23:52:55 +0000"
    },
    "done": true
  },
  "ars_nouveau:recipes/misc/source_gem_block": {
    "criteria": {
      "has_journal": "2024-10-25 23:52:55 +0000"
    },
    "done": true
  },
  "ars_nouveau:recipes/building_blocks/archwood_pressure_plate": {
    "criteria": {
      "has_journal": "2024-10-25 23:52:55 +0000"
    },
    "done": true
  },
  "doggytalents:recipes/decorations/locator_orb_rei": {
    "criteria": {
      "has_string": "2024-10-26 00:13:11 +0000"
    },
    "done": true
  },
  "spartanweaponry:recipes/combat/pole_from_wool": {
    "criteria": {
      "has_stick": "2024-10-25 23:55:33 +0000"
    },
    "done": true
  },
  "doggytalents:recipes/decorations/lab_coat": {
    "criteria": {
      "has_wool": "2024-10-26 00:00:18 +0000"
    },
    "done": true
  },
  "minecraft:recipes/misc/bone_meal": {
    "criteria": {
      "has_bone": "2024-10-26 00:13:14 +0000"
    },
    "done": true
  },
  "ars_nouveau:recipes/misc/archwood_to_chest": {
    "criteria": {
      "has_journal": "2024-10-25 23:52:55 +0000"
    },
    "done": true
  },
  "minecraft:recipes/decorations/cobbled_deepslate_wall": {
    "criteria": {
      "has_cobbled_deepslate": "2024-10-26 00:16:24 +0000"
    },
    "done": true
  },
  "minecraft:recipes/decorations/polished_deepslate_wall_from_cobbled_deepslate_stonecutting": {
    "criteria": {
      "has_cobbled_deepslate": "2024-10-26 00:16:24 +0000"
    },
    "done": true
  },
  "iceandfire:recipes/misc/earplugs": {
    "criteria": {
      "has_item": "2024-10-25 23:55:17 +0000"
    },
    "done": true
  },
  "ars_nouveau:recipes/misc/rotating_spell_turret": {
    "criteria": {
      "has_journal": "2024-10-25 23:52:55 +0000"
    },
    "done": true
  },
  "biomesoplenty:recipes/transportation/maple_boat": {
    "criteria": {
      "in_water": "2024-10-26 00:02:08 +0000"
    },
    "done": true
  },
  "aquaculture:recipes/aquaculture/double_hook": {
    "criteria": {
      "has_items": "2024-10-25 23:52:54 +0000"
    },
    "done": true
  },
  "minecraft:recipes/transportation/spruce_boat": {
    "criteria": {
      "in_water": "2024-10-26 00:02:08 +0000"
    },
    "done": true
  },
  "ars_nouveau:recipes/misc/manipulation_essence_to_granite": {
    "criteria": {
      "has_journal": "2024-10-25 23:52:55 +0000"
    },
    "done": true
  },
  "create:recipes/building_blocks/crafting/kinetics/cyan_seat": {
    "criteria": {
      "has_wool": "2024-10-26 00:00:18 +0000"
    },
    "done": true
  },
  "spartanweaponry:recipes/wooden_katana": {
    "criteria": {
      "has_wood": "2024-10-25 23:55:17 +0000"
    },
    "done": true
  },
  "ars_nouveau:recipes/misc/smooth_gilded_sourcestone_alternating_to_sourcestone": {
    "criteria": {
      "has_journal": "2024-10-25 23:52:55 +0000"
    },
    "done": true
  },
  "ars_nouveau:recipes/misc/manipulation_essence_to_grass_block": {
    "criteria": {
      "has_journal": "2024-10-25 23:52:55 +0000"
    },
    "done": true
  },
  "aquaculture:recipes/aquaculture/fishing_line": {
    "criteria": {
      "has_items": "2024-10-25 23:52:54 +0000"
    },
    "done": true
  },
  "ars_nouveau:recipes/misc/greater_experience_gem": {
    "criteria": {
      "has_journal": "2024-10-25 23:52:55 +0000"
    },
    "done": true
  },
  "biomesoplenty:recipes/transportation/redwood_boat": {
    "criteria": {
      "in_water": "2024-10-26 00:02:08 +0000"
    },
    "done": true
  },
  "ars_nouveau:recipes/misc/sourceberry_sack_to_bush": {
    "criteria": {
      "has_journal": "2024-10-25 23:52:55 +0000"
    },
    "done": true
  },
  "spartanweaponry:recipes/combat/handle_from_string": {
    "criteria": {
      "has_string": "2024-10-26 00:13:11 +0000"
    },
    "done": true
  },
  "spartanweaponry:recipes/wooden_battleaxe": {
    "criteria": {
      "has_wood": "2024-10-25 23:55:17 +0000"
    },
    "done": true
  },
  "aquaculture:recipes/aquaculture/iron_hook": {
    "criteria": {
      "has_items": "2024-10-25 23:52:54 +0000"
    },
    "done": true
  },
  "spartanweaponry:recipes/wooden_battle_hammer": {
    "criteria": {
      "has_wood": "2024-10-25 23:55:17 +0000"
    },
    "done": true
  },
  "doggytalents:recipes/tools/empty_locator_orb": {
    "criteria": {
      "has_string": "2024-10-26 00:13:11 +0000"
    },
    "done": true
  },
  "minecraft:recipes/transportation/mangrove_boat": {
    "criteria": {
      "in_water": "2024-10-26 00:02:08 +0000"
    },
    "done": true
  },
  "ars_nouveau:recipes/building_blocks/smooth_sourcestone_stone_cutterslab": {
    "criteria": {
      "has_journal": "2024-10-25 23:52:55 +0000"
    },
    "done": true
  },
  "ars_nouveau:recipes/building_blocks/gilded_sourcestone_small_bricks_slab": {
    "criteria": {
      "has_journal": "2024-10-25 23:52:55 +0000"
    },
    "done": true
  },
  "ars_nouveau:recipes/misc/archwood_stairs": {
    "criteria": {
      "has_journal": "2024-10-25 23:52:55 +0000"
    },
    "done": true
  },
  "doggytalents:recipes/decorations/beastars_uniform_male": {
    "criteria": {
      "has_wool": "2024-10-26 00:00:18 +0000"
    },
    "done": true
  },
  "ars_nouveau:recipes/misc/smooth_sourcestone_large_bricks_stairs": {
    "criteria": {
      "has_journal": "2024-10-25 23:52:55 +0000"
    },
    "done": true
  },
  "ars_nouveau:recipes/misc/smooth_gilded_sourcestone_basketweave_stairs": {
    "criteria": {
      "has_journal": "2024-10-25 23:52:55 +0000"
    },
    "done": true
  },
  "spartanweaponry:recipes/stone_lance": {
    "criteria": {
      "has_cobblestone": "2024-10-25 23:56:53 +0000"
    },
    "done": true
  },
  "aquaculture:recipes/misc/jellyfish_to_slimeball": {
    "criteria": {
      "has_items": "2024-10-25 23:52:54 +0000"
    },
    "done": true
  },
  "ars_nouveau:recipes/misc/enchanting_apparatus": {
    "criteria": {
      "has_journal": "2024-10-25 23:52:55 +0000"
    },
    "done": true
  },
  "minecraft:recipes/building_blocks/polished_deepslate_slab_from_cobbled_deepslate_stonecutting": {
    "criteria": {
      "has_cobbled_deepslate": "2024-10-26 00:16:24 +0000"
    },
    "done": true
  },
  "spartanweaponry:recipes/iron_arrow": {
    "criteria": {
      "has_feather": "2024-10-26 00:08:06 +0000"
    },
    "done": true
  },
  "create:recipes/building_blocks/crafting/kinetics/pink_seat": {
    "criteria": {
      "has_wool": "2024-10-26 00:00:18 +0000"
    },
    "done": true
  },
  "ars_nouveau:recipes/building_blocks/smooth_sourcestone_alternating_slab": {
    "criteria": {
      "has_journal": "2024-10-25 23:52:55 +0000"
    },
    "done": true
  },
  "doggytalents:recipes/decorations/tengu_mask": {
    "criteria": {
      "has_string": "2024-10-26 00:13:11 +0000"
    },
    "done": true
  },
  "spartanweaponry:recipes/combat/handle_from_wool": {
    "criteria": {
      "has_stick": "2024-10-25 23:55:33 +0000"
    },
    "done": true
  },
  "spartanweaponry:recipes/wooden_arrow": {
    "criteria": {
      "has_feather": "2024-10-26 00:08:06 +0000"
    },
    "done": true
  },
  "biomesoplenty:recipes/transportation/hellbark_boat": {
    "criteria": {
      "in_water": "2024-10-26 00:02:08 +0000"
    },
    "done": true
  },
  "ars_nouveau:recipes/misc/orange_sbed": {
    "criteria": {
      "has_journal": "2024-10-25 23:52:55 +0000"
    },
    "done": true
  },
  "minecraft:recipes/misc/iron_ingot_from_smelting_raw_iron": {
    "criteria": {
      "has_raw_iron": "2024-10-26 00:14:32 +0000"
    },
    "done": true
  },
  "biomesoplenty:recipes/transportation/jacaranda_boat": {
    "criteria": {
      "in_water": "2024-10-26 00:02:08 +0000"
    },
    "done": true
  },
  "ars_nouveau:recipes/building_blocks/sourcestone_small_bricks_slab": {
    "criteria": {
      "has_journal": "2024-10-25 23:52:55 +0000"
    },
    "done": true
  },
  "twilightforest:recipes/transportation/canopy_boat": {
    "criteria": {
      "in_water": "2024-10-26 00:02:08 +0000"
    },
    "done": true
  },
  "ars_nouveau:recipes/misc/mycelial_sourcelink": {
    "criteria": {
      "has_journal": "2024-10-25 23:52:55 +0000"
    },
    "done": true
  },
  "ars_nouveau:recipes/misc/water_essence_to_bucket": {
    "criteria": {
      "has_journal": "2024-10-25 23:52:55 +0000"
    },
    "done": true
  },
  "spartanweaponry:recipes/wooden_dagger": {
    "criteria": {
      "has_wood": "2024-10-25 23:55:17 +0000"
    },
    "done": true
  },
  "mcwbridges:recipes/cobblestone_bridge_pier": {
    "criteria": {
      "has_planks": "2024-10-25 23:56:53 +0000"
    },
    "done": true
  },
  "minecraft:recipes/tools/wooden_pickaxe": {
    "criteria": {
      "has_stick": "2024-10-25 23:55:33 +0000"
    },
    "done": true
  },
  "minecraft:recipes/building_blocks/cobbled_deepslate_stairs": {
    "criteria": {
      "has_cobbled_deepslate": "2024-10-26 00:16:24 +0000"
    },
    "done": true
  },
  "ars_nouveau:recipes/decorations/sourcestone_6": {
    "criteria": {
      "has_journal": "2024-10-25 23:52:55 +0000"
    },
    "done": true
  },
  "ars_nouveau:recipes/decorations/sourcestone_5": {
    "criteria": {
      "has_journal": "2024-10-25 23:52:55 +0000"
    },
    "done": true
  },
  "ars_nouveau:recipes/decorations/sourcestone_8": {
    "criteria": {
      "has_journal": "2024-10-25 23:52:55 +0000"
    },
    "done": true
  },
  "ars_nouveau:recipes/decorations/sourcestone_7": {
    "criteria": {
      "has_journal": "2024-10-25 23:52:55 +0000"
    },
    "done": true
  },
  "ars_nouveau:recipes/decorations/sourcestone_9": {
    "criteria": {
      "has_journal": "2024-10-25 23:52:55 +0000"
    },
    "done": true
  },
  "aquaculture:recipes/tools/diamond_fishing_rod": {
    "criteria": {
      "has_vanilla_rod": "2024-10-25 23:52:54 +0000"
    },
    "done": true
  },
  "ars_nouveau:recipes/decorations/sourcestone_2": {
    "criteria": {
      "has_journal": "2024-10-25 23:52:55 +0000"
    },
    "done": true
  },
  "ars_nouveau:recipes/decorations/sourcestone_1": {
    "criteria": {
      "has_journal": "2024-10-25 23:52:55 +0000"
    },
    "done": true
  },
  "ars_nouveau:recipes/decorations/sourcestone_4": {
    "criteria": {
      "has_journal": "2024-10-25 23:52:55 +0000"
    },
    "done": true
  },
  "ars_nouveau:recipes/decorations/sourcestone_3": {
    "criteria": {
      "has_journal": "2024-10-25 23:52:55 +0000"
    },
    "done": true
  },
  "doggytalents:recipes/food/training_treat": {
    "criteria": {
      "has_dtn_rice_grains": "2024-10-25 23:54:32 +0000"
    },
    "done": true
  },
  "minecraft:story/upgrade_tools": {
    "criteria": {
      "stone_pickaxe": "2024-10-26 00:14:29 +0000"
    },
    "done": true
  },
  "farmersdelight:recipes/cooking/bone_broth": {
    "criteria": {
      "has_bone": "2024-10-26 00:13:14 +0000"
    },
    "done": true
  },
  "biomesoplenty:recipes/transportation/palm_boat": {
    "criteria": {
      "in_water": "2024-10-26 00:02:08 +0000"
    },
    "done": true
  },
  "biomesoplenty:recipes/transportation/empyreal_boat": {
    "criteria": {
      "in_water": "2024-10-26 00:02:08 +0000"
    },
    "done": true
  },
  "ars_nouveau:recipes/misc/sourcestone_sconce": {
    "criteria": {
      "has_journal": "2024-10-25 23:52:55 +0000"
    },
    "done": true
  },
  "enigmaticlegacy:main/magnet_ring": {
    "criteria": {
      "spellstone": "2024-10-26 00:13:13 +0000"
    },
    "done": true
  },
  "doggytalents:recipes/decorations/kitsune_mask": {
    "criteria": {
      "has_string": "2024-10-26 00:13:11 +0000"
    },
    "done": true
  },
  "alexsmobs:alexsmobs/acacia_blossom": {
    "criteria": {
      "acacia_blossom": "2024-10-26 00:08:06 +0000"
    },
    "done": true
  },
  "ars_nouveau:recipes/misc/ring_of_potential": {
    "criteria": {
      "has_journal": "2024-10-25 23:52:55 +0000"
    },
    "done": true
  },
  "ars_nouveau:recipes/misc/magebloom_fiber": {
    "criteria": {
      "has_journal": "2024-10-25 23:52:55 +0000"
    },
    "done": true
  },
  "ars_nouveau:recipes/misc/smooth_gilded_sourcestone_alternating_stairs": {
    "criteria": {
      "has_journal": "2024-10-25 23:52:55 +0000"
    },
    "done": true
  },
  "minecraft:recipes/food/cooked_mutton_from_campfire_cooking": {
    "criteria": {
      "has_mutton": "2024-10-26 00:00:18 +0000"
    },
    "done": true
  },
  "farmersdelight:recipes/cooking/pasta_with_mutton_chop": {
    "criteria": {
      "has_any_ingredient": "2024-10-26 00:00:18 +0000"
    },
    "done": true
  },
  "croptopia:gather_savanna": {
    "criteria": {
      "zucchini_seed": "2024-10-26 00:08:48 +0000",
      "rutabaga_seed": "2024-10-26 00:08:48 +0000"
    },
    "done": false
  },
  "minecraft:recipes/decorations/acacia_fence": {
    "criteria": {
      "has_planks": "2024-10-25 23:55:17 +0000"
    },
    "done": true
  },
  "ars_nouveau:recipes/misc/ritual_conjure_island_plains": {
    "criteria": {
      "has_journal": "2024-10-25 23:52:55 +0000"
    },
    "done": true
  },
  "mcwbridges:recipes/balustrade_cobblestone_bridge": {
    "criteria": {
      "has_planks": "2024-10-25 23:56:53 +0000"
    },
    "done": true
  },
  "farmersdelight:recipes/building_blocks/organic_compost_from_rotten_flesh": {
    "criteria": {
      "has_rotten_flesh": "2024-10-25 23:58:04 +0000"
    },
    "done": true
  },
  "doggytalents:recipes/decorations/locator_orb_chu": {
    "criteria": {
      "has_string": "2024-10-26 00:13:11 +0000"
    },
    "done": true
  },
  "doggytalents:recipes/decorations/locator_orb_chi": {
    "criteria": {
      "has_string": "2024-10-26 00:13:11 +0000"
    },
    "done": true
  },
  "spartanweaponry:recipes/combat/pole_from_string": {
    "criteria": {
      "has_stick": "2024-10-25 23:55:33 +0000"
    },
    "done": true
  },
  "ars_nouveau:recipes/misc/sourcestone_mosaic_to_sourcestone": {
    "criteria": {
      "has_journal": "2024-10-25 23:52:55 +0000"
    },
    "done": true
  },
  "ars_nouveau:recipes/misc/gilded_sourcestone_basketweave_stairs": {
    "criteria": {
      "has_journal": "2024-10-25 23:52:55 +0000"
    },
    "done": true
  },
  "croptopia:root": {
    "criteria": {
      "root": "2024-10-26 00:02:02 +0000"
    },
    "done": true
  },
  "ars_nouveau:recipes/misc/ritual_challenge": {
    "criteria": {
      "has_journal": "2024-10-25 23:52:55 +0000"
    },
    "done": true
  },
  "doggytalents:recipes/tools/conducting_bone": {
    "criteria": {
      "has_bone": "2024-10-26 00:13:14 +0000"
    },
    "done": true
  },
  "ars_nouveau:recipes/misc/gilded_sourcestone_alternating_to_sourcestone": {
    "criteria": {
      "has_journal": "2024-10-25 23:52:55 +0000"
    },
    "done": true
  },
  "doggytalents:recipes/decorations/locator_orb_tei": {
    "criteria": {
      "has_string": "2024-10-26 00:13:11 +0000"
    },
    "done": true
  },
  "minecraft:recipes/building_blocks/deepslate_bricks_from_cobbled_deepslate_stonecutting": {
    "criteria": {
      "has_cobbled_deepslate": "2024-10-26 00:16:24 +0000"
    },
    "done": true
  },
  "spartanweaponry:recipes/wooden_tomahawk": {
    "criteria": {
      "has_wood": "2024-10-25 23:55:17 +0000"
    },
    "done": true
  },
  "ars_nouveau:recipes/misc/alteration_table": {
    "criteria": {
      "has_journal": "2024-10-25 23:52:55 +0000"
    },
    "done": true
  },
  "ars_nouveau:recipes/misc/experience_gem": {
    "criteria": {
      "has_journal": "2024-10-25 23:52:55 +0000"
    },
    "done": true
  },
  "ars_nouveau:recipes/misc/conjuration_essence_to_end_stone": {
    "criteria": {
      "has_journal": "2024-10-25 23:52:55 +0000"
    },
    "done": true
  },
  "ars_nouveau:recipes/misc/yellow_sbed": {
    "criteria": {
      "has_journal": "2024-10-25 23:52:55 +0000"
    },
    "done": true
  },
  "minecraft:husbandry/balanced_diet": {
    "criteria": {
      "mutton": "2024-10-26 00:04:50 +0000"
    },
    "done": false
  },
  "twilightforest:recipes/transportation/sorting_boat": {
    "criteria": {
      "in_water": "2024-10-26 00:02:08 +0000"
    },
    "done": true
  },
  "ars_nouveau:recipes/misc/ritual_conjure_island_desert": {
    "criteria": {
      "has_journal": "2024-10-25 23:52:55 +0000"
    },
    "done": true
  },
  "aquaculture:recipes/tools/stone_fillet_knife": {
    "criteria": {
      "has_items": "2024-10-25 23:56:53 +0000"
    },
    "done": true
  },
  "doggytalents:recipes/decorations/locator_orb_ko": {
    "criteria": {
      "has_string": "2024-10-26 00:13:11 +0000"
    },
    "done": true
  },
  "ars_nouveau:recipes/misc/magebloom_block_to_magebloom": {
    "criteria": {
      "has_journal": "2024-10-25 23:52:55 +0000"
    },
    "done": true
  },
  "doggytalents:recipes/decorations/locator_orb_gi": {
    "criteria": {
      "has_string": "2024-10-26 00:13:11 +0000"
    },
    "done": true
  },
  "aquaculture:recipes/misc/tin_can_to_iron_nugget": {
    "criteria": {
      "has_items": "2024-10-25 23:52:54 +0000"
    },
    "done": true
  },
  "minecraft:recipes/building_blocks/acacia_planks": {
    "criteria": {
      "has_log": "2024-10-25 23:54:17 +0000"
    },
    "done": true
  },
  "ars_nouveau:recipes/building_blocks/sourcestone_mosaic_slab": {
    "criteria": {
      "has_journal": "2024-10-25 23:52:55 +0000"
    },
    "done": true
  },
  "ars_nouveau:recipes/misc/sourcestone_large_bricks_stairs": {
    "criteria": {
      "has_journal": "2024-10-25 23:52:55 +0000"
    },
    "done": true
  },
  "minecraft:recipes/transportation/dark_oak_boat": {
    "criteria": {
      "in_water": "2024-10-26 00:02:08 +0000"
    },
    "done": true
  },
  "ars_nouveau:recipes/misc/dull_trinket": {
    "criteria": {
      "has_journal": "2024-10-25 23:52:55 +0000"
    },
    "done": true
  },
  "minecraft:recipes/redstone/acacia_button": {
    "criteria": {
      "has_planks": "2024-10-25 23:55:17 +0000"
    },
    "done": true
  },
  "minecraft:recipes/building_blocks/deepslate_tile_stairs_from_cobbled_deepslate_stonecutting": {
    "criteria": {
      "has_cobbled_deepslate": "2024-10-26 00:16:24 +0000"
    },
    "done": true
  },
  "spartanweaponry:recipes/wooden_scythe": {
    "criteria": {
      "has_wood": "2024-10-25 23:55:17 +0000"
    },
    "done": true
  },
  "aether:recipes/decorations/skyroot_bed": {
    "criteria": {
      "has_wool": "2024-10-26 00:00:18 +0000"
    },
    "done": true
  },
  "ars_nouveau:recipes/misc/spike_to_dye": {
    "criteria": {
      "has_journal": "2024-10-25 23:52:55 +0000"
    },
    "done": true
  },
  "minecraft:recipes/food/cooked_mutton_from_smoking": {
    "criteria": {
      "has_mutton": "2024-10-26 00:00:18 +0000"
    },
    "done": true
  },
  "ars_nouveau:recipes/misc/rotating_turret_to_basic_spell_turret": {
    "criteria": {
      "has_journal": "2024-10-25 23:52:55 +0000"
    },
    "done": true
  },
  "mcwfurnitures:recipes/acacia": {
    "criteria": {
      "has_wood": "2024-10-25 23:54:17 +0000"
    },
    "done": true
  },
  "ars_nouveau:recipes/misc/ritual_moonfall": {
    "criteria": {
      "has_journal": "2024-10-25 23:52:55 +0000"
    },
    "done": true
  },
  "ars_nouveau:recipes/misc/polished_sconce": {
    "criteria": {
      "has_journal": "2024-10-25 23:52:55 +0000"
    },
    "done": true
  },
  "ars_nouveau:recipes/building_blocks/sourcestone_small_bricks_stonecutter_stair": {
    "criteria": {
      "has_journal": "2024-10-25 23:52:55 +0000"
    },
    "done": true
  },
  "ars_nouveau:recipes/misc/magelight_torch": {
    "criteria": {
      "has_journal": "2024-10-25 23:52:55 +0000"
    },
    "done": true
  },
  "ars_nouveau:recipes/misc/platform_to_pedestal": {
    "criteria": {
      "has_journal": "2024-10-25 23:52:55 +0000"
    },
    "done": true
  },
  "ars_nouveau:recipes/building_blocks/gilded_sourcestone_large_bricks_slab": {
    "criteria": {
      "has_journal": "2024-10-25 23:52:55 +0000"
    },
    "done": true
  },
  "aquaculture:recipes/decorations/birch_fish_mount": {
    "criteria": {
      "has_items": "2024-10-25 23:52:54 +0000"
    },
    "done": true
  },
  "ars_nouveau:recipes/building_blocks/smooth_gilded_sourcestone_small_bricks_stonecutter_stair": {
    "criteria": {
      "has_journal": "2024-10-25 23:52:55 +0000"
    },
    "done": true
  },
  "ars_nouveau:recipes/misc/imbuement_chamber": {
    "criteria": {
      "has_journal": "2024-10-25 23:52:55 +0000"
    },
    "done": true
  },
  "spartanweaponry:recipes/stone_katana": {
    "criteria": {
      "has_cobblestone": "2024-10-25 23:56:53 +0000"
    },
    "done": true
  },
  "mcwdoors:recipes/acacia": {
    "criteria": {
      "has_wood": "2024-10-25 23:54:17 +0000"
    },
    "done": true
  },
  "doggytalents:recipes/decorations/pianist_suit": {
    "criteria": {
      "has_string": "2024-10-26 00:13:11 +0000"
    },
    "done": true
  },
  "spartanweaponry:recipes/wooden_spear": {
    "criteria": {
      "has_wood": "2024-10-25 23:55:17 +0000"
    },
    "done": true
  },
  "ars_nouveau:recipes/building_blocks/archwood_slab": {
    "criteria": {
      "has_journal": "2024-10-25 23:52:55 +0000"
    },
    "done": true
  },
  "spartanweaponry:recipes/grease_ball": {
    "criteria": {
      "has_meat": "2024-10-26 00:00:18 +0000"
    },
    "done": true
  },
  "minecraft:story/mine_stone": {
    "criteria": {
      "get_stone": "2024-10-25 23:56:53 +0000"
    },
    "done": true
  },
  "minecraft:recipes/decorations/furnace": {
    "criteria": {
      "has_cobblestone": "2024-10-25 23:56:53 +0000"
    },
    "done": true
  },
  "ars_nouveau:recipes/misc/ritual_binding": {
    "criteria": {
      "has_journal": "2024-10-25 23:52:55 +0000"
    },
    "done": true
  },
  "ars_nouveau:root": {
    "criteria": {
      "ars_nouveau:worn_notebook": "2024-10-25 23:52:55 +0000"
    },
    "done": true
  },
  "spartanweaponry:recipes/stone_throwing_knife": {
    "criteria": {
      "has_cobblestone": "2024-10-25 23:56:53 +0000"
    },
    "done": true
  },
  "ars_nouveau:recipes/misc/wing_to_leather": {
    "criteria": {
      "has_journal": "2024-10-25 23:52:55 +0000"
    },
    "done": true
  },
  "ars_nouveau:recipes/misc/runic_chalk": {
    "criteria": {
      "has_journal": "2024-10-25 23:52:55 +0000"
    },
    "done": true
  },
  "ars_nouveau:recipes/building_blocks/gilded_sourcestone_basketweave_stone_cutterslab": {
    "criteria": {
      "has_journal": "2024-10-25 23:52:55 +0000"
    },
    "done": true
  },
  "farmersdelight:main/get_fd_seed": {
    "criteria": {
      "tomato_seeds": "2024-10-26 00:13:14 +0000"
    },
    "done": true
  },
  "enigmaticlegacy:book/relics/enigmatic_amulet": {
    "criteria": {
      "has_items": "2024-10-25 23:52:55 +0000"
    },
    "done": true
  },
  "aether:recipes/tools/stone_pickaxe_repairing": {
    "criteria": {
      "has_stone_pickaxe": "2024-10-26 00:14:29 +0000"
    },
    "done": true
  },
  "create:recipes/misc/crafting/appliances/crafting_blueprint": {
    "criteria": {
      "has_item": "2024-10-25 23:55:22 +0000"
    },
    "done": true
  },
  "aquaculture:recipes/misc/iron_nugget_from_smelting": {
    "criteria": {
      "has_fishing_rod": "2024-10-25 23:52:54 +0000",
      "has_fillet_knife": "2024-10-25 23:52:54 +0000"
    },
    "done": true
  },
  "create:recipes/building_blocks/crafting/kinetics/magenta_seat": {
    "criteria": {
      "has_wool": "2024-10-26 00:00:18 +0000"
    },
    "done": true
  },
  "ars_nouveau:recipes/misc/blue_sbed": {
    "criteria": {
      "has_journal": "2024-10-25 23:52:55 +0000"
    },
    "done": true
  },
  "ars_nouveau:recipes/misc/ritual_restoration": {
    "criteria": {
      "has_journal": "2024-10-25 23:52:55 +0000"
    },
    "done": true
  },
  "minecraft:recipes/building_blocks/cobbled_deepslate_slab": {
    "criteria": {
      "has_cobbled_deepslate": "2024-10-26 00:16:24 +0000"
    },
    "done": true
  },
  "ars_nouveau:recipes/misc/sourcestone": {
    "criteria": {
      "has_journal": "2024-10-25 23:52:55 +0000"
    },
    "done": true
  },
  "aquaculture:recipes/tools/golden_fishing_rod": {
    "criteria": {
      "has_vanilla_rod": "2024-10-25 23:52:54 +0000"
    },
    "done": true
  },
  "spartanweaponry:recipes/combat/pole_from_leather": {
    "criteria": {
      "has_stick": "2024-10-25 23:55:33 +0000"
    },
    "done": true
  },
  "ars_nouveau:recipes/misc/smooth_sourcestone_to_sourcestone": {
    "criteria": {
      "has_journal": "2024-10-25 23:52:55 +0000"
    },
    "done": true
  },
  "ars_nouveau:recipes/decorations/sourcestone_19": {
    "criteria": {
      "has_journal": "2024-10-25 23:52:55 +0000"
    },
    "done": true
  },
  "aquaculture:recipes/misc/gold_nugget_from_smelting": {
    "criteria": {
      "has_fishing_rod": "2024-10-25 23:52:54 +0000",
      "has_fillet_knife": "2024-10-25 23:52:54 +0000"
    },
    "done": true
  },
  "ars_nouveau:recipes/decorations/sourcestone_18": {
    "criteria": {
      "has_journal": "2024-10-25 23:52:55 +0000"
    },
    "done": true
  },
  "ars_nouveau:recipes/decorations/sourcestone_11": {
    "criteria": {
      "has_journal": "2024-10-25 23:52:55 +0000"
    },
    "done": true
  },
  "ars_nouveau:recipes/decorations/sourcestone_10": {
    "criteria": {
      "has_journal": "2024-10-25 23:52:55 +0000"
    },
    "done": true
  },
  "ars_nouveau:recipes/decorations/sourcestone_13": {
    "criteria": {
      "has_journal": "2024-10-25 23:52:55 +0000"
    },
    "done": true
  },
  "ars_nouveau:recipes/decorations/sourcestone_12": {
    "criteria": {
      "has_journal": "2024-10-25 23:52:55 +0000"
    },
    "done": true
  },
  "ars_nouveau:recipes/decorations/sourcestone_15": {
    "criteria": {
      "has_journal": "2024-10-25 23:52:55 +0000"
    },
    "done": true
  },
  "ars_nouveau:recipes/decorations/sourcestone_14": {
    "criteria": {
      "has_journal": "2024-10-25 23:52:55 +0000"
    },
    "done": true
  },
  "ars_nouveau:recipes/decorations/sourcestone_17": {
    "criteria": {
      "has_journal": "2024-10-25 23:52:55 +0000"
    },
    "done": true
  },
  "ars_nouveau:recipes/decorations/sourcestone_16": {
    "criteria": {
      "has_journal": "2024-10-25 23:52:55 +0000"
    },
    "done": true
  },
  "ars_nouveau:recipes/misc/smooth_gilded_sourcestone_large_bricks_stairs": {
    "criteria": {
      "has_journal": "2024-10-25 23:52:55 +0000"
    },
    "done": true
  },
  "ars_nouveau:recipes/misc/ritual_sanctuary": {
    "criteria": {
      "has_journal": "2024-10-25 23:52:55 +0000"
    },
    "done": true
  },
  "minecraft:recipes/building_blocks/cobblestone_slab_from_cobblestone_stonecutting": {
    "criteria": {
      "has_cobblestone": "2024-10-25 23:56:53 +0000"
    },
    "done": true
  },
  "ars_nouveau:recipes/building_blocks/archwood_button": {
    "criteria": {
      "has_journal": "2024-10-25 23:52:55 +0000"
    },
    "done": true
  },
  "ars_nouveau:recipes/misc/archwood_chest": {
    "criteria": {
      "has_journal": "2024-10-25 23:52:55 +0000"
    },
    "done": true
  },
  "biomesoplenty:recipes/transportation/umbran_boat": {
    "criteria": {
      "in_water": "2024-10-26 00:02:08 +0000"
    },
    "done": true
  },
  "ars_nouveau:recipes/building_blocks/smooth_sourcestone_stonecutter_stair": {
    "criteria": {
      "has_journal": "2024-10-25 23:52:55 +0000"
    },
    "done": true
  },
  "ars_nouveau:recipes/building_blocks/smooth_sourcestone_basketweave_stone_cutterslab": {
    "criteria": {
      "has_journal": "2024-10-25 23:52:55 +0000"
    },
    "done": true
  },
  "mowziesmobs:root": {
    "criteria": {
      "custom_test_name": "2024-10-25 23:52:55 +0000"
    },
    "done": true
  },
  "ars_nouveau:recipes/building_blocks/smooth_gilded_sourcestone_alternating_stone_cutterslab": {
    "criteria": {
      "has_journal": "2024-10-25 23:52:55 +0000"
    },
    "done": true
  },
  "ars_nouveau:recipes/decorations/sourcestone_20": {
    "criteria": {
      "has_journal": "2024-10-25 23:52:55 +0000"
    },
    "done": true
  },
  "ars_nouveau:recipes/misc/gilded_sourcestone_mosaic_to_sourcestone": {
    "criteria": {
      "has_journal": "2024-10-25 23:52:55 +0000"
    },
    "done": true
  },
  "minecraft:recipes/building_blocks/stone": {
    "criteria": {
      "has_cobblestone": "2024-10-25 23:56:53 +0000"
    },
    "done": true
  },
  "ars_nouveau:recipes/decorations/sourcestone_21": {
    "criteria": {
      "has_journal": "2024-10-25 23:52:55 +0000"
    },
    "done": true
  },
  "minecraft:recipes/transportation/bamboo_raft": {
    "criteria": {
      "in_water": "2024-10-26 00:02:08 +0000"
    },
    "done": true
  },
  "ars_nouveau:recipes/misc/annotated_codex": {
    "criteria": {
      "has_journal": "2024-10-25 23:52:55 +0000"
    },
    "done": true
  },
  "aquaculture:recipes/misc/bonemeal_from_fish_bones": {
    "criteria": {
      "has_items": "2024-10-25 23:52:54 +0000"
    },
    "done": true
  },
  "ars_nouveau:recipes/misc/volcanic_sourcelink": {
    "criteria": {
      "has_journal": "2024-10-25 23:52:55 +0000"
    },
    "done": true
  },
  "ars_nouveau:recipes/misc/sourceberry_to_purple": {
    "criteria": {
      "has_journal": "2024-10-25 23:52:55 +0000"
    },
    "done": true
  },
  "minecraft:recipes/food/bread": {
    "criteria": {
      "has_wheat": "2024-10-26 00:13:15 +0000"
    },
    "done": true
  },
  "ars_nouveau:recipes/building_blocks/gilded_sourcestone_alternating_stonecutter_stair": {
    "criteria": {
      "has_journal": "2024-10-25 23:52:55 +0000"
    },
    "done": true
  },
  "enigmaticlegacy:recipes/generic/bonus_wool_recipes": {
    "criteria": {
      "has_white_wool": "2024-10-26 00:00:18 +0000"
    },
    "done": true
  },
  "ars_nouveau:recipes/misc/source_gem_block_2": {
    "criteria": {
      "has_journal": "2024-10-25 23:52:55 +0000"
    },
    "done": true
  },
  "aether:recipes/tools/wooden_pickaxe_repairing": {
    "criteria": {
      "has_wooden_pickaxe": "2024-10-25 23:55:48 +0000"
    },
    "done": true
  },
  "ars_nouveau:recipes/building_blocks/gilded_sourcestone_large_bricks_stone_cutterslab": {
    "criteria": {
      "has_journal": "2024-10-25 23:52:55 +0000"
    },
    "done": true
  },
  "spartanweaponry:recipes/netherite_arrow": {
    "criteria": {
      "has_bow": "2024-10-26 00:13:13 +0000"
    },
    "done": true
  },
  "minecraft:recipes/building_blocks/hay_block": {
    "criteria": {
      "has_wheat": "2024-10-26 00:13:15 +0000"
    },
    "done": true
  },
  "ars_nouveau:recipes/misc/arcane_platform": {
    "criteria": {
      "has_journal": "2024-10-25 23:52:55 +0000"
    },
    "done": true
  },
  "minecraft:recipes/redstone/acacia_door": {
    "criteria": {
      "has_planks": "2024-10-25 23:55:17 +0000"
    },
    "done": true
  },
  "tombstone:adventure/first_knowledge": {
    "criteria": {
      "coded_trigger": "2024-10-26 00:08:06 +0000"
    },
    "done": true
  },
  "ars_nouveau:recipes/building_blocks/archwood_door": {
    "criteria": {
      "has_journal": "2024-10-25 23:52:55 +0000"
    },
    "done": true
  },
  "ars_nouveau:recipes/misc/vitalic_sourcelink": {
    "criteria": {
      "has_journal": "2024-10-25 23:52:55 +0000"
    },
    "done": true
  },
  "minecraft:recipes/building_blocks/polished_deepslate_stairs_from_cobbled_deepslate_stonecutting": {
    "criteria": {
      "has_cobbled_deepslate": "2024-10-26 00:16:24 +0000"
    },
    "done": true
  },
  "ars_nouveau:recipes/misc/manipulation_essence_to_moss_block": {
    "criteria": {
      "has_journal": "2024-10-25 23:52:55 +0000"
    },
    "done": true
  },
  "doggytalents:recipes/decorations/bach_wig": {
    "criteria": {
      "has_string": "2024-10-26 00:13:11 +0000"
    },
    "done": true
  },
  "ars_nouveau:recipes/misc/smooth_sourcestone_alternating_stairs": {
    "criteria": {
      "has_journal": "2024-10-25 23:52:55 +0000"
    },
    "done": true
  },
  "minecraft:recipes/decorations/deepslate_brick_wall_from_cobbled_deepslate_stonecutting": {
    "criteria": {
      "has_cobbled_deepslate": "2024-10-26 00:16:24 +0000"
    },
    "done": true
  },
  "aquaculture:recipes/misc/brown_mushroom_from_fish": {
    "criteria": {
      "has_items": "2024-10-25 23:52:54 +0000"
    },
    "done": true
  },
  "spartanweaponry:recipes/combat/handle_from_leather": {
    "criteria": {
      "has_stick": "2024-10-25 23:55:33 +0000"
    },
    "done": true
  },
  "ars_nouveau:recipes/misc/sourcestone_alternating_stairs": {
    "criteria": {
      "has_journal": "2024-10-25 23:52:55 +0000"
    },
    "done": true
  },
  "ars_nouveau:recipes/misc/conjuration_essence_to_soul_sand": {
    "criteria": {
      "has_journal": "2024-10-25 23:52:55 +0000"
    },
    "done": true
  },
  "ars_nouveau:recipes/misc/manipulation_essence_to_deepslate": {
    "criteria": {
      "has_journal": "2024-10-25 23:52:55 +0000"
    },
    "done": true
  },
  "spartanweaponry:recipes/wooden_warhammer": {
    "criteria": {
      "has_wood": "2024-10-25 23:55:17 +0000"
    },
    "done": true
  },
  "spartanweaponry:recipes/stone_tomahawk": {
    "criteria": {
      "has_cobblestone": "2024-10-25 23:56:53 +0000"
    },
    "done": true
  },
  "minecraft:recipes/tools/stone_pickaxe": {
    "criteria": {
      "has_cobblestone": "2024-10-25 23:56:53 +0000"
    },
    "done": true
  },
  "dungeons_arise:wda_root": {
    "criteria": {
      "WDA": "2024-10-25 23:52:55 +0000"
    },
    "done": true
  },
  "ars_nouveau:recipes/building_blocks/gilded_sourcestone_large_bricks_stonecutter_stair": {
    "criteria": {
      "has_journal": "2024-10-25 23:52:55 +0000"
    },
    "done": true
  },
  "minecraft:recipes/building_blocks/cobbled_deepslate_slab_from_cobbled_deepslate_stonecutting": {
    "criteria": {
      "has_cobbled_deepslate": "2024-10-26 00:16:24 +0000"
    },
    "done": true
  },
  "minecraft:recipes/building_blocks/deepslate_tile_slab_from_cobbled_deepslate_stonecutting": {
    "criteria": {
      "has_cobbled_deepslate": "2024-10-26 00:16:24 +0000"
    },
    "done": true
  },
  "aquaculture:recipes/tools/wooden_fillet_knife": {
    "criteria": {
      "has_items": "2024-10-25 23:55:33 +0000"
    },
    "done": true
  },
  "minecraft:recipes/tools/wooden_hoe": {
    "criteria": {
      "has_stick": "2024-10-25 23:55:33 +0000"
    },
    "done": true
  },
  "minecraft:recipes/misc/charcoal": {
    "criteria": {
      "has_log": "2024-10-25 23:54:17 +0000"
    },
    "done": true
  },
  "ars_nouveau:recipes/misc/magebloom_block": {
    "criteria": {
      "has_journal": "2024-10-25 23:52:55 +0000"
    },
    "done": true
  },
  "ars_nouveau:recipes/misc/smooth_sourcestone_mosaic_to_sourcestone": {
    "criteria": {
      "has_journal": "2024-10-25 23:52:55 +0000"
    },
    "done": true
  },
  "doggytalents:recipes/decorations/wool_collar": {
    "criteria": {
      "has_string": "2024-10-26 00:13:11 +0000"
    },
    "done": true
  },
  "spartanweaponry:recipes/wooden_parrying_dagger": {
    "criteria": {
      "has_wood": "2024-10-25 23:55:17 +0000"
    },
    "done": true
  },
  "spartanweaponry:recipes/wooden_rapier": {
    "criteria": {
      "has_wood": "2024-10-25 23:55:17 +0000"
    },
    "done": true
  },
  "aquaculture:recipes/misc/neptinium_ingot_from_blasting": {
    "criteria": {
      "has_leggings": "2024-10-25 23:52:54 +0000",
      "has_axe": "2024-10-25 23:52:54 +0000",
      "has_helmet": "2024-10-25 23:52:54 +0000",
      "has_fishing_rod": "2024-10-25 23:52:54 +0000",
      "has_bow": "2024-10-25 23:52:54 +0000",
      "has_chestplate": "2024-10-25 23:52:54 +0000",
      "has_sword": "2024-10-25 23:52:54 +0000",
      "has_fillet_knife": "2024-10-25 23:52:54 +0000",
      "has_shovel": "2024-10-25 23:52:54 +0000",
      "has_hoe": "2024-10-25 23:52:54 +0000",
      "has_boots": "2024-10-25 23:52:54 +0000",
      "has_pickaxe": "2024-10-25 23:52:54 +0000"
    },
    "done": true
  },
  "doggytalents:recipes/misc/gender_bone": {
    "criteria": {
      "has_string": "2024-10-26 00:13:11 +0000"
    },
    "done": true
  },
  "ars_nouveau:recipes/misc/red_archwood_wood": {
    "criteria": {
      "has_journal": "2024-10-25 23:52:55 +0000"
    },
    "done": true
  },
  "ars_nouveau:recipes/building_blocks/smooth_gilded_sourcestone_mosaic_slab": {
    "criteria": {
      "has_journal": "2024-10-25 23:52:55 +0000"
    },
    "done": true
  },
  "ars_nouveau:recipes/misc/ritual_awakening": {
    "criteria": {
      "has_journal": "2024-10-25 23:52:55 +0000"
    },
    "done": true
  },
  "ars_nouveau:recipes/misc/mimic_scroll": {
    "criteria": {
      "has_journal": "2024-10-25 23:52:55 +0000"
    },
    "done": true
  },
  "aquaculture:recipes/decorations/dark_oak_fish_mount": {
    "criteria": {
      "has_items": "2024-10-25 23:52:54 +0000"
    },
    "done": true
  },
  "spartanweaponry:recipes/bolt": {
    "criteria": {
      "has_feather": "2024-10-26 00:08:06 +0000"
    },
    "done": true
  },
  "spartanweaponry:recipes/wooden_boomerang": {
    "criteria": {
      "has_wood": "2024-10-25 23:55:17 +0000"
    },
    "done": true
  },
  "ars_nouveau:recipes/misc/red_sbed": {
    "criteria": {
      "has_journal": "2024-10-25 23:52:55 +0000"
    },
    "done": true
  },
  "ars_nouveau:recipes/misc/redstone_relay": {
    "criteria": {
      "has_journal": "2024-10-25 23:52:55 +0000"
    },
    "done": true
  },
  "crockpot:recipes/misc/crafting/crock_pot": {
    "criteria": {
      "has_coal": "2024-10-26 00:06:21 +0000"
    },
    "done": true
  },
  "alexsmobsinteraction:ami_book": {
    "criteria": {
      "tick": "2024-10-25 23:52:55 +0000"
    },
    "done": true
  },
  "mcwbridges:recipes/bridge_lantern": {
    "criteria": {
      "has_planks": "2024-10-26 00:06:21 +0000"
    },
    "done": true
  },
  "ars_nouveau:recipes/misc/source_jar": {
    "criteria": {
      "has_journal": "2024-10-25 23:52:55 +0000"
    },
    "done": true
  },
  "spartanweaponry:recipes/stone_spear": {
    "criteria": {
      "has_cobblestone": "2024-10-25 23:56:53 +0000"
    },
    "done": true
  },
  "croptopia:recipes/chicken_and_dumplings": {
    "criteria": {
      "has_chicken": "2024-10-26 00:08:06 +0000"
    },
    "done": true
  },
  "enigmaticlegacy:recipes/generic/the_acknowledgment": {
    "criteria": {
      "has_iron_ingot": "2024-10-25 23:52:54 +0000"
    },
    "done": true
  },
  "minecraft:recipes/tools/wooden_shovel": {
    "criteria": {
      "has_stick": "2024-10-25 23:55:33 +0000"
    },
    "done": true
  },
  "ars_nouveau:recipes/building_blocks/smooth_sourcestone_alternating_stonecutter_stair": {
    "criteria": {
      "has_journal": "2024-10-25 23:52:55 +0000"
    },
    "done": true
  },
  "ars_nouveau:recipes/misc/mundane_belt": {
    "criteria": {
      "has_journal": "2024-10-25 23:52:55 +0000"
    },
    "done": true
  },
  "ars_nouveau:recipes/building_blocks/smooth_gilded_sourcestone_small_bricks_stone_cutterslab": {
    "criteria": {
      "has_journal": "2024-10-25 23:52:55 +0000"
    },
    "done": true
  },
  "ars_nouveau:recipes/building_blocks/smooth_sourcestone_large_bricks_stone_cutterslab": {
    "criteria": {
      "has_journal": "2024-10-25 23:52:55 +0000"
    },
    "done": true
  },
  "minecraft:adventure/root": {
    "criteria": {
      "killed_something": "2024-10-26 00:00:18 +0000"
    },
    "done": true
  },
  "ars_nouveau:recipes/misc/challenge_2": {
    "criteria": {
      "has_journal": "2024-10-25 23:52:55 +0000"
    },
    "done": true
  },
  "spartanweaponry:recipes/copper_arrow": {
    "criteria": {
      "has_feather": "2024-10-26 00:08:06 +0000"
    },
    "done": true
  },
  "spartanweaponry:recipes/copper_bolt": {
    "criteria": {
      "has_feather": "2024-10-26 00:08:06 +0000"
    },
    "done": true
  },
  "ars_nouveau:recipes/building_blocks/gilded_sourcestone_basketweave_slab": {
    "criteria": {
      "has_journal": "2024-10-25 23:52:55 +0000"
    },
    "done": true
  },
  "minecraft:recipes/decorations/deepslate_tile_wall_from_cobbled_deepslate_stonecutting": {
    "criteria": {
      "has_cobbled_deepslate": "2024-10-26 00:16:24 +0000"
    },
    "done": true
  },
  "ars_nouveau:recipes/building_blocks/sourcestone_alternating_stone_cutterslab": {
    "criteria": {
      "has_journal": "2024-10-25 23:52:55 +0000"
    },
    "done": true
  },
  "aquaculture:recipes/aquaculture/diamond_hook": {
    "criteria": {
      "has_items": "2024-10-25 23:52:54 +0000"
    },
    "done": true
  },
  "minecraft:recipes/combat/crossbow": {
    "criteria": {
      "has_string": "2024-10-26 00:13:11 +0000"
    },
    "done": true
  },
  "aquaculture:recipes/food/sushi": {
    "criteria": {
      "has_alt_items": "2024-10-25 23:52:54 +0000",
      "has_items": "2024-10-25 23:52:54 +0000"
    },
    "done": true
  },
  "delchoco:grant_whistle_on_first_join": {
    "criteria": {
      "tick": "2024-10-25 23:52:55 +0000"
    },
    "done": true
  },
  "create:recipes/building_blocks/crafting/kinetics/green_seat": {
    "criteria": {
      "has_wool": "2024-10-26 00:00:18 +0000"
    },
    "done": true
  },
  "aether:recipes/combat/stone_sword_repairing": {
    "criteria": {
      "has_stone_sword": "2024-10-25 23:58:55 +0000"
    },
    "done": true
  },
  "minecraft:recipes/decorations/barrel": {
    "criteria": {
      "has_planks": "2024-10-25 23:55:17 +0000"
    },
    "done": true
  },
  "ars_nouveau:recipes/misc/item_detector": {
    "criteria": {
      "has_journal": "2024-10-25 23:52:55 +0000"
    },
    "done": true
  },
  "ars_nouveau:recipes/misc/gilded_sourcestone_small_bricks_to_sourcestone": {
    "criteria": {
      "has_journal": "2024-10-25 23:52:55 +0000"
    },
    "done": true
  },
  "ars_nouveau:recipes/misc/ghostweave": {
    "criteria": {
      "has_journal": "2024-10-25 23:52:55 +0000"
    },
    "done": true
  },
  "ars_nouveau:recipes/misc/manipulation_essence_to_vexing_sapling": {
    "criteria": {
      "has_journal": "2024-10-25 23:52:55 +0000"
    },
    "done": true
  },
  "create:recipes/building_blocks/crafting/kinetics/purple_seat": {
    "criteria": {
      "has_wool": "2024-10-26 00:00:18 +0000"
    },
    "done": true
  },
  "ars_nouveau:recipes/building_blocks/gilded_sourcestone_mosaic_slab": {
    "criteria": {
      "has_journal": "2024-10-25 23:52:55 +0000"
    },
    "done": true
  },
  "minecraft:recipes/decorations/white_bed": {
    "criteria": {
      "has_white_wool": "2024-10-26 00:00:18 +0000"
    },
    "done": true
  },
  "croptopia:recipes/fried_chicken": {
    "criteria": {
      "has_chicken": "2024-10-26 00:08:06 +0000"
    },
    "done": true
  },
  "ars_nouveau:recipes/misc/sourcestone_large_bricks_to_sourcestone": {
    "criteria": {
      "has_journal": "2024-10-25 23:52:55 +0000"
    },
    "done": true
  },
  "croptopia:recipes/flour": {
    "criteria": {
      "has_grain": "2024-10-26 00:13:15 +0000"
    },
    "done": true
  },
  "aquaculture:recipes/misc/red_mushroom_from_fish": {
    "criteria": {
      "has_items": "2024-10-25 23:52:54 +0000"
    },
    "done": true
  },
  "aquaculture:recipes/building_blocks/planks_from_driftwood": {
    "criteria": {
      "has_items": "2024-10-25 23:52:54 +0000"
    },
    "done": true
  },
  "ars_nouveau:recipes/misc/purple_sbed": {
    "criteria": {
      "has_journal": "2024-10-25 23:52:55 +0000"
    },
    "done": true
  },
  "ars_nouveau:recipes/building_blocks/smooth_gilded_sourcestone_large_bricks_slab": {
    "criteria": {
      "has_journal": "2024-10-25 23:52:55 +0000"
    },
    "done": true
  },
  "ars_nouveau:recipes/misc/smooth_sourcestone_basketweave_stairs": {
    "criteria": {
      "has_journal": "2024-10-25 23:52:55 +0000"
    },
    "done": true
  },
  "ars_nouveau:recipes/misc/sourceberry_sack": {
    "criteria": {
      "has_journal": "2024-10-25 23:52:55 +0000"
    },
    "done": true
  },
  "minecraft:recipes/tools/stone_shovel": {
    "criteria": {
      "has_cobblestone": "2024-10-25 23:56:53 +0000"
    },
    "done": true
  },
  "ars_nouveau:recipes/misc/manipulation_essence_to_blazin_sapling": {
    "criteria": {
      "has_journal": "2024-10-25 23:52:55 +0000"
    },
    "done": true
  },
  "tombstone:adventure/root": {
    "criteria": {
      "auto": "2024-10-25 23:52:56 +0000"
    },
    "done": true
  },
  "ars_nouveau:recipes/building_blocks/gilded_sourcestone_mosaic_stone_cutterslab": {
    "criteria": {
      "has_journal": "2024-10-25 23:52:55 +0000"
    },
    "done": true
  },
  "ars_nouveau:recipes/building_blocks/gilded_sourcestone_small_bricks_stone_cutterslab": {
    "criteria": {
      "has_journal": "2024-10-25 23:52:55 +0000"
    },
    "done": true
  },
  "ars_nouveau:recipes/building_blocks/sourcestone_small_bricks_stone_cutterslab": {
    "criteria": {
      "has_journal": "2024-10-25 23:52:55 +0000"
    },
    "done": true
  },
  "ars_nouveau:recipes/misc/gilded_sourcestone_mosaic_stairs": {
    "criteria": {
      "has_journal": "2024-10-25 23:52:55 +0000"
    },
    "done": true
  },
  "doggytalents:recipes/decorations/locator_orb_dyable": {
    "criteria": {
      "has_string": "2024-10-26 00:13:11 +0000"
    },
    "done": true
  },
  "ars_nouveau:recipes/misc/gilded_sourcestone_small_bricks_stairs": {
    "criteria": {
      "has_journal": "2024-10-25 23:52:55 +0000"
    },
    "done": true
  },
  "spartanweaponry:recipes/wooden_longbow": {
    "criteria": {
      "has_wood": "2024-10-25 23:55:17 +0000"
    },
    "done": true
  },
  "twilightforest:recipes/transportation/twilight_oak_boat": {
    "criteria": {
      "in_water": "2024-10-26 00:02:08 +0000"
    },
    "done": true
  },
  "twilightforest:recipes/transportation/time_boat": {
    "criteria": {
      "in_water": "2024-10-26 00:02:08 +0000"
    },
    "done": true
  },
  "ars_nouveau:recipes/misc/arcane_pedestal": {
    "criteria": {
      "has_journal": "2024-10-25 23:52:55 +0000"
    },
    "done": true
  },
  "aquaculture:recipes/aquaculture/worm_farm": {
    "criteria": {
      "has_items": "2024-10-25 23:52:54 +0000"
    },
    "done": true
  },
  "iceandfire:recipes/misc/dragon_meal": {
    "criteria": {
      "has_item": "2024-10-26 00:00:18 +0000"
    },
    "done": true
  },
  "spartanweaponry:recipes/stone_greatsword": {
    "criteria": {
      "has_cobblestone": "2024-10-25 23:56:53 +0000"
    },
    "done": true
  },
  "spartanweaponry:recipes/wooden_glaive": {
    "criteria": {
      "has_wood": "2024-10-25 23:55:17 +0000"
    },
    "done": true
  },
  "ars_nouveau:recipes/misc/fire_essence_to_charge": {
    "criteria": {
      "has_journal": "2024-10-25 23:52:55 +0000"
    },
    "done": true
  },
  "ars_nouveau:recipes/building_blocks/gilded_sourcestone_mosaic_stonecutter_stair": {
    "criteria": {
      "has_journal": "2024-10-25 23:52:55 +0000"
    },
    "done": true
  },
  "ars_nouveau:recipes/misc/ritual_scrying": {
    "criteria": {
      "has_journal": "2024-10-25 23:52:55 +0000"
    },
    "done": true
  },
  "minecraft:recipes/building_blocks/deepslate_brick_stairs_from_cobbled_deepslate_stonecutting": {
    "criteria": {
      "has_cobbled_deepslate": "2024-10-26 00:16:24 +0000"
    },
    "done": true
  },
  "create:recipes/building_blocks/crafting/kinetics/brown_seat": {
    "criteria": {
      "has_wool": "2024-10-26 00:00:18 +0000"
    },
    "done": true
  },
  "minecraft:recipes/food/cooked_chicken": {
    "criteria": {
      "has_chicken": "2024-10-26 00:08:06 +0000"
    },
    "done": true
  },
  "aquaculture:recipes/aquaculture/note_hook": {
    "criteria": {
      "has_items": "2024-10-25 23:52:54 +0000"
    },
    "done": true
  },
  "tombstone:adventure/halloween": {
    "criteria": {
      "coded_trigger": "2024-10-25 23:52:54 +0000"
    },
    "done": true
  },
  "aquaculture:recipes/food/cooked_fish_fillet_from_campfire": {
    "criteria": {
      "has_items": "2024-10-25 23:52:54 +0000"
    },
    "done": true
  },
  "ars_nouveau:recipes/misc/smooth_gilded_sourcestone_large_bricks_to_sourcestone": {
    "criteria": {
      "has_journal": "2024-10-25 23:52:55 +0000"
    },
    "done": true
  },
  "farmersdelight:recipes/combat/flint_knife": {
    "criteria": {
      "has_stick": "2024-10-25 23:55:33 +0000"
    },
    "done": true
  },
  "create:recipes/building_blocks/crafting/kinetics/gray_seat": {
    "criteria": {
      "has_wool": "2024-10-26 00:00:18 +0000"
    },
    "done": true
  },
  "ars_nouveau:recipes/misc/manipulation_essence_to_cascading_sapling": {
    "criteria": {
      "has_journal": "2024-10-25 23:52:55 +0000"
    },
    "done": true
  },
  "ars_nouveau:recipes/building_blocks/sourcestone_mosaic_stonecutter_stair": {
    "criteria": {
      "has_journal": "2024-10-25 23:52:55 +0000"
    },
    "done": true
  },
  "spartanweaponry:recipes/stone_parrying_dagger": {
    "criteria": {
      "has_cobblestone": "2024-10-25 23:56:53 +0000"
    },
    "done": true
  },
  "minecraft:recipes/decorations/painting": {
    "criteria": {
      "has_wool": "2024-10-26 00:00:18 +0000"
    },
    "done": true
  },
  "minecraft:recipes/combat/arrow": {
    "criteria": {
      "has_feather": "2024-10-26 00:08:06 +0000"
    },
    "done": true
  },
  "aquaculture:recipes/aquaculture/gold_hook": {
    "criteria": {
      "has_items": "2024-10-25 23:52:54 +0000"
    },
    "done": true
  },
  "minecraft:recipes/redstone/acacia_trapdoor": {
    "criteria": {
      "has_planks": "2024-10-25 23:55:17 +0000"
    },
    "done": true
  },
  "ars_nouveau:recipes/misc/clear_allow": {
    "criteria": {
      "has_journal": "2024-10-25 23:52:55 +0000"
    },
    "done": true
  },
  "create:recipes/building_blocks/crafting/kinetics/orange_seat": {
    "criteria": {
      "has_wool": "2024-10-26 00:00:18 +0000"
    },
    "done": true
  },
  "spartanweaponry:recipes/diamond_bolt": {
    "criteria": {
      "has_feather": "2024-10-26 00:08:06 +0000"
    },
    "done": true
  },
  "doggytalents:recipes/decorations/guard_suit": {
    "criteria": {
      "has_string": "2024-10-26 00:13:11 +0000"
    },
    "done": true
  },
  "aether:recipes/combat/golden_dart": {
    "criteria": {
      "has_feather": "2024-10-26 00:08:06 +0000"
    },
    "done": true
  },
  "minecraft:recipes/tools/fishing_rod": {
    "criteria": {
      "has_string": "2024-10-26 00:13:11 +0000"
    },
    "done": true
  },
  "ars_nouveau:recipes/building_blocks/smooth_gilded_sourcestone_small_bricks_slab": {
    "criteria": {
      "has_journal": "2024-10-25 23:52:55 +0000"
    },
    "done": true
  },
  "minecraft:recipes/building_blocks/chiseled_deepslate_from_cobbled_deepslate_stonecutting": {
    "criteria": {
      "has_cobbled_deepslate": "2024-10-26 00:16:24 +0000"
    },
    "done": true
  },
  "ars_nouveau:recipes/misc/smooth_sourcestone_large_bricks_to_sourcestone": {
    "criteria": {
      "has_journal": "2024-10-25 23:52:55 +0000"
    },
    "done": true
  },
  "minecraft:recipes/decorations/cobbled_deepslate_wall_from_cobbled_deepslate_stonecutting": {
    "criteria": {
      "has_cobbled_deepslate": "2024-10-26 00:16:24 +0000"
    },
    "done": true
  },
  "spartanweaponry:recipes/wooden_pike": {
    "criteria": {
      "has_wood": "2024-10-25 23:55:17 +0000"
    },
    "done": true
  },
  "aquaculture:recipes/decorations/spruce_fish_mount": {
    "criteria": {
      "has_items": "2024-10-25 23:52:54 +0000"
    },
    "done": true
  },
  "twilightforest:recipes/transportation/transformation_boat": {
    "criteria": {
      "in_water": "2024-10-26 00:02:08 +0000"
    },
    "done": true
  },
  "farmersdelight:recipes/food/wheat_dough_from_water": {
    "criteria": {
      "has_wheat": "2024-10-26 00:13:15 +0000"
    },
    "done": true
  },
  "ars_nouveau:recipes/misc/water_essence_to_obsidian": {
    "criteria": {
      "has_journal": "2024-10-25 23:52:55 +0000"
    },
    "done": true
  },
  "ars_nouveau:recipes/misc/smooth_sourcestone_mosaic_stairs": {
    "criteria": {
      "has_journal": "2024-10-25 23:52:55 +0000"
    },
    "done": true
  },
  "ars_nouveau:recipes/building_blocks/stripped_purple_archwood_wood": {
    "criteria": {
      "has_journal": "2024-10-25 23:52:55 +0000"
    },
    "done": true
  },
  "ars_nouveau:recipes/misc/repository": {
    "criteria": {
      "has_journal": "2024-10-25 23:52:55 +0000"
    },
    "done": true
  },
  "spartanweaponry:recipes/wooden_halberd": {
    "criteria": {
      "has_wood": "2024-10-25 23:55:17 +0000"
    },
    "done": true
  },
  "ars_nouveau:recipes/misc/deny_scroll": {
    "criteria": {
      "has_journal": "2024-10-25 23:52:55 +0000"
    },
    "done": true
  },
  "ars_nouveau:recipes/misc/sourcestone_mosaic_stairs": {
    "criteria": {
      "has_journal": "2024-10-25 23:52:55 +0000"
    },
    "done": true
  },
  "ars_nouveau:recipes/misc/blue_archwood_wood": {
    "criteria": {
      "has_journal": "2024-10-25 23:52:55 +0000"
    },
    "done": true
  },
  "ars_nouveau:recipes/building_blocks/sourcestone_large_bricks_stone_cutterslab": {
    "criteria": {
      "has_journal": "2024-10-25 23:52:55 +0000"
    },
    "done": true
  },
  "doggytalents:recipes/decorations/wool_collar_thicc": {
    "criteria": {
      "has_string": "2024-10-26 00:13:11 +0000"
    },
    "done": true
  },
  "minecraft:husbandry/root": {
    "criteria": {
      "consumed_item": "2024-10-26 00:04:36 +0000"
    },
    "done": true
  },
  "minecraft:recipes/transportation/birch_boat": {
    "criteria": {
      "in_water": "2024-10-26 00:02:08 +0000"
    },
    "done": true
  },
  "minecraft:recipes/building_blocks/cobbled_deepslate_stairs_from_cobbled_deepslate_stonecutting": {
    "criteria": {
      "has_cobbled_deepslate": "2024-10-26 00:16:24 +0000"
    },
    "done": true
  },
  "minecraft:recipes/building_blocks/deepslate": {
    "criteria": {
      "has_cobbled_deepslate": "2024-10-26 00:16:24 +0000"
    },
    "done": true
  },
  "minecraft:recipes/decorations/white_carpet": {
    "criteria": {
      "has_white_wool": "2024-10-26 00:00:18 +0000"
    },
    "done": true
  },
  "minecraft:recipes/transportation/oak_boat": {
    "criteria": {
      "in_water": "2024-10-26 00:02:08 +0000"
    },
    "done": true
  },
  "aquaculture:recipes/misc/tin_can_to_iron_nugget_from_blasting": {
    "criteria": {
      "has_items": "2024-10-25 23:52:54 +0000"
    },
    "done": true
  },
  "ars_nouveau:recipes/misc/smooth_gilded_sourcestone_mosaic_stairs": {
    "criteria": {
      "has_journal": "2024-10-25 23:52:55 +0000"
    },
    "done": true
  },
  "minecraft:recipes/redstone/acacia_fence_gate": {
    "criteria": {
      "has_planks": "2024-10-25 23:55:17 +0000"
    },
    "done": true
  },
  "minecraft:recipes/building_blocks/coal_block": {
    "criteria": {
      "has_coal": "2024-10-26 00:06:21 +0000"
    },
    "done": true
  },
  "cataclysm:root": {
    "criteria": {
      "custom_test_name": "2024-10-25 23:52:55 +0000"
    },
    "done": true
  },
  "croptopia:recipes/chicken_and_rice": {
    "criteria": {
      "has_chicken": "2024-10-26 00:08:06 +0000"
    },
    "done": true
  },
  "ars_nouveau:recipes/misc/basic_spell_turret": {
    "criteria": {
      "has_journal": "2024-10-25 23:52:55 +0000"
    },
    "done": true
  },
  "ars_nouveau:recipes/misc/smooth_gilded_sourcestone_small_bricks_stairs": {
    "criteria": {
      "has_journal": "2024-10-25 23:52:55 +0000"
    },
    "done": true
  },
  "ars_nouveau:recipes/misc/ritual_harvest": {
    "criteria": {
      "has_journal": "2024-10-25 23:52:55 +0000"
    },
    "done": true
  },
  "ars_nouveau:recipes/building_blocks/smooth_sourcestone_small_bricks_slab": {
    "criteria": {
      "has_journal": "2024-10-25 23:52:55 +0000"
    },
    "done": true
  },
  "ars_nouveau:recipes/building_blocks/sourcestone_alternating_stonecutter_stair": {
    "criteria": {
      "has_journal": "2024-10-25 23:52:55 +0000"
    },
    "done": true
  },
  "aether:recipes/tools/wooden_axe_repairing": {
    "criteria": {
      "has_wooden_axe": "2024-10-25 23:55:54 +0000"
    },
    "done": true
  },
  "minecraft:recipes/decorations/torch": {
    "criteria": {
      "has_the_recipe": "2024-10-26 00:12:40 +0000"
    },
    "done": true
  },
  "mcwbridges:recipes/cobblestone_bridge": {
    "criteria": {
      "has_planks": "2024-10-25 23:56:53 +0000"
    },
    "done": true
  },
  "ars_nouveau:recipes/misc/scryers_crystal": {
    "criteria": {
      "has_journal": "2024-10-25 23:52:55 +0000"
    },
    "done": true
  },
  "ars_nouveau:recipes/building_blocks/stripped_red_archwood_wood": {
    "criteria": {
      "has_journal": "2024-10-25 23:52:55 +0000"
    },
    "done": true
  },
  "totw_modded:root": {
    "criteria": {
      "sample_trigger": "2024-10-25 23:52:54 +0000"
    },
    "done": true
  },
  "ars_nouveau:recipes/misc/sourcestone_basketweave_stairs": {
    "criteria": {
      "has_journal": "2024-10-25 23:52:55 +0000"
    },
    "done": true
  },
  "spartanshields:recipes/stone_tower_shield": {
    "criteria": {
      "has_cobblestone": "2024-10-25 23:56:53 +0000"
    },
    "done": true
  },
  "aquaculture:recipes/aquaculture/redstone_hook": {
    "criteria": {
      "has_items": "2024-10-25 23:52:54 +0000"
    },
    "done": true
  },
  "ars_nouveau:recipes/misc/dowsing_rod": {
    "criteria": {
      "has_journal": "2024-10-25 23:52:55 +0000"
    },
    "done": true
  },
  "spartanweaponry:recipes/stone_quarterstaff": {
    "criteria": {
      "has_cobblestone": "2024-10-25 23:56:53 +0000"
    },
    "done": true
  },
  "ars_nouveau:recipes/misc/smooth_sourcestone_small_bricks_to_sourcestone": {
    "criteria": {
      "has_journal": "2024-10-25 23:52:55 +0000"
    },
    "done": true
  },
  "ars_nouveau:recipes/building_blocks/stripped_blue_archwood_wood": {
    "criteria": {
      "has_journal": "2024-10-25 23:52:55 +0000"
    },
    "done": true
  },
  "cannibal:recipes/misc/bone_trap": {
    "criteria": {
      "has_bone": "2024-10-26 00:13:14 +0000"
    },
    "done": true
  },
  "create:recipes/building_blocks/crafting/kinetics/black_seat": {
    "criteria": {
      "has_wool": "2024-10-26 00:00:18 +0000"
    },
    "done": true
  },
  "ars_nouveau:recipes/misc/sky_block": {
    "criteria": {
      "has_journal": "2024-10-25 23:52:55 +0000"
    },
    "done": true
  },
  "ars_nouveau:recipes/misc/blank_thread": {
    "criteria": {
      "has_journal": "2024-10-25 23:52:55 +0000"
    },
    "done": true
  },
  "minecraft:recipes/building_blocks/deepslate_brick_slab_from_cobbled_deepslate_stonecutting": {
    "criteria": {
      "has_cobbled_deepslate": "2024-10-26 00:16:24 +0000"
    },
    "done": true
  },
  "aquaculture:recipes/misc/gold_nugget_from_blasting": {
    "criteria": {
      "has_fishing_rod": "2024-10-25 23:52:54 +0000",
      "has_fillet_knife": "2024-10-25 23:52:54 +0000"
    },
    "done": true
  },
  "ars_nouveau:recipes/misc/archwood_sconce": {
    "criteria": {
      "has_journal": "2024-10-25 23:52:55 +0000"
    },
    "done": true
  },
  "aquaculture:recipes/aquaculture/bobber": {
    "criteria": {
      "has_items": "2024-10-25 23:52:54 +0000"
    },
    "done": true
  },
  "minecraft:recipes/food/cooked_mutton": {
    "criteria": {
      "has_mutton": "2024-10-26 00:00:18 +0000"
    },
    "done": true
  },
  "delchoco:grant_chocobo_leash_stick_on_first_join": {
    "criteria": {
      "tick": "2024-10-25 23:52:55 +0000"
    },
    "done": true
  },
  "ars_nouveau:recipes/building_blocks/smooth_sourcestone_small_bricks_stonecutter_stair": {
    "criteria": {
      "has_journal": "2024-10-25 23:52:55 +0000"
    },
    "done": true
  },
  "biomesoplenty:recipes/transportation/mahogany_boat": {
    "criteria": {
      "in_water": "2024-10-26 00:02:08 +0000"
    },
    "done": true
  },
  "twilightforest:recipes/transportation/dark_boat": {
    "criteria": {
      "in_water": "2024-10-26 00:02:08 +0000"
    },
    "done": true
  },
  "ars_nouveau:recipes/building_blocks/smooth_gilded_sourcestone_large_bricks_stone_cutterslab": {
    "criteria": {
      "has_journal": "2024-10-25 23:52:55 +0000"
    },
    "done": true
  },
  "aquaculture:recipes/misc/gold_nugget_from_gold_fish": {
    "criteria": {
      "has_items": "2024-10-25 23:52:54 +0000"
    },
    "done": true
  },
  "minecraft:recipes/decorations/white_banner": {
    "criteria": {
      "has_white_wool": "2024-10-26 00:00:18 +0000"
    },
    "done": true
  },
  "aquaculture:recipes/food/cooked_fish_fillet_from_smoking": {
    "criteria": {
      "has_items": "2024-10-25 23:52:54 +0000"
    },
    "done": true
  },
  "enigmaticlegacy:book/relics/cursed_ring": {
    "criteria": {
      "has_items": "2024-10-25 23:52:55 +0000"
    },
    "done": true
  },
  "ars_nouveau:recipes/building_blocks/smooth_gilded_sourcestone_alternating_stonecutter_stair": {
    "criteria": {
      "has_journal": "2024-10-25 23:52:55 +0000"
    },
    "done": true
  },
  "ars_nouveau:recipes/building_blocks/smooth_sourcestone_mosaic_stone_cutterslab": {
    "criteria": {
      "has_journal": "2024-10-25 23:52:55 +0000"
    },
    "done": true
  },
  "doggytalents:recipes/decorations/locator_orb_jin": {
    "criteria": {
      "has_string": "2024-10-26 00:13:11 +0000"
    },
    "done": true
  },
  "farmersdelight:main/root": {
    "criteria": {
      "seeds": "2024-10-25 23:52:54 +0000"
    },
    "done": true
  },
  "ars_nouveau:recipes/misc/sourcestone_small_bricks_stairs": {
    "criteria": {
      "has_journal": "2024-10-25 23:52:55 +0000"
    },
    "done": true
  },
  "ars_nouveau:recipes/misc/sourcestone_small_bricks_to_sourcestone": {
    "criteria": {
      "has_journal": "2024-10-25 23:52:55 +0000"
    },
    "done": true
  },
  "ars_nouveau:recipes/misc/smooth_sourcestone_small_bricks_stairs": {
    "criteria": {
      "has_journal": "2024-10-25 23:52:55 +0000"
    },
    "done": true
  },
  "croptopia:recipes/documentation": {
    "criteria": {
      "has_crop": "2024-10-26 00:02:04 +0000"
    },
    "done": true
  },
  "aquaculture:recipes/food/cooked_fish_fillet": {
    "criteria": {
      "has_items": "2024-10-25 23:52:54 +0000"
    },
    "done": true
  },
  "spartanweaponry:recipes/stone_flanged_mace": {
    "criteria": {
      "has_cobblestone": "2024-10-25 23:56:53 +0000"
    },
    "done": true
  },
  "ars_nouveau:recipes/misc/allow_scroll": {
    "criteria": {
      "has_journal": "2024-10-25 23:52:55 +0000"
    },
    "done": true
  },
  "aether:recipes/decorations/skyroot_chest": {
    "criteria": {
      "has_lots_of_items": "2024-10-25 23:54:18 +0000"
    },
    "done": true
  },
  "mcwbridges:recipes/acacia_bridge_pier": {
    "criteria": {
      "has_planks": "2024-10-25 23:54:17 +0000"
    },
    "done": true
  },
  "spartanweaponry:recipes/diamond_arrow": {
    "criteria": {
      "has_feather": "2024-10-26 00:08:06 +0000"
    },
    "done": true
  },
  "ars_nouveau:recipes/misc/wilden_summon_alt": {
    "criteria": {
      "has_journal": "2024-10-25 23:52:55 +0000"
    },
    "done": true
  },
  "spartanweaponry:recipes/stone_javelin": {
    "criteria": {
      "has_cobblestone": "2024-10-25 23:56:53 +0000"
    },
    "done": true
  },
  "spartanweaponry:recipes/wooden_heavy_crossbow": {
    "criteria": {
      "has_wood": "2024-10-25 23:55:17 +0000"
    },
    "done": true
  },
  "create:recipes/building_blocks/crafting/kinetics/white_seat": {
    "criteria": {
      "has_wool": "2024-10-26 00:00:18 +0000"
    },
    "done": true
  },
  "minecraft:recipes/building_blocks/white_wool_from_string": {
    "criteria": {
      "has_string": "2024-10-26 00:13:11 +0000"
    },
    "done": true
  },
  "mcwbridges:recipes/cobblestone_bridge_stair": {
    "criteria": {
      "has_planks": "2024-10-25 23:56:53 +0000"
    },
    "done": true
  },
  "ars_nouveau:recipes/misc/sourcestone_alternating_to_sourcestone": {
    "criteria": {
      "has_journal": "2024-10-25 23:52:55 +0000"
    },
    "done": true
  },
  "spartanweaponry:recipes/stone_pike": {
    "criteria": {
      "has_cobblestone": "2024-10-25 23:56:53 +0000"
    },
    "done": true
  },
  "croptopia:gather_plains": {
    "criteria": {
      "bellpepper_seed": "2024-10-26 00:08:48 +0000"
    },
    "done": false
  },
  "ars_nouveau:recipes/building_blocks/sourcestone_alternating_slab": {
    "criteria": {
      "has_journal": "2024-10-25 23:52:55 +0000"
    },
    "done": true
  },
  "spartanweaponry:recipes/stone_warhammer": {
    "criteria": {
      "has_cobblestone": "2024-10-25 23:56:53 +0000"
    },
    "done": true
  },
  "minecraft:adventure/adventuring_time": {
    "criteria": {
      "minecraft:savanna_plateau": "2024-10-25 23:56:17 +0000",
      "minecraft:savanna": "2024-10-25 23:54:15 +0000",
      "minecraft:plains": "2024-10-25 23:52:56 +0000"
    },
    "done": false
  },
  "ars_nouveau:recipes/misc/scry_to_blank_parchment": {
    "criteria": {
      "has_journal": "2024-10-25 23:52:55 +0000"
    },
    "done": true
  },
  "minecraft:husbandry/plant_seed": {
    "criteria": {
      "wheat": "2024-10-26 00:02:28 +0000"
    },
    "done": true
  },
  "create:recipes/building_blocks/crafting/kinetics/lime_seat": {
    "criteria": {
      "has_wool": "2024-10-26 00:00:18 +0000"
    },
    "done": true
  },
  "spartanweaponry:recipes/combat/simple_handle": {
    "criteria": {
      "has_stick": "2024-10-25 23:55:33 +0000"
    },
    "done": true
  },
  "croptopia:recipes/chicken_and_noodles": {
    "criteria": {
      "has_chicken": "2024-10-26 00:08:06 +0000"
    },
    "done": true
  },
  "minecraft:recipes/building_blocks/cobblestone_stairs_from_cobblestone_stonecutting": {
    "criteria": {
      "has_cobblestone": "2024-10-25 23:56:53 +0000"
    },
    "done": true
  },
  "spartanweaponry:recipes/stone_dagger": {
    "criteria": {
      "has_cobblestone": "2024-10-25 23:56:53 +0000"
    },
    "done": true
  },
  "ars_nouveau:recipes/building_blocks/smooth_gilded_sourcestone_mosaic_stonecutter_stair": {
    "criteria": {
      "has_journal": "2024-10-25 23:52:55 +0000"
    },
    "done": true
  },
  "farmersdelight:recipes/decorations/cutting_board": {
    "criteria": {
      "has_stick": "2024-10-25 23:55:33 +0000"
    },
    "done": true
  },
  "mcwbridges:recipes/rope_acacia_bridge": {
    "criteria": {
      "has_planks": "2024-10-25 23:55:17 +0000"
    },
    "done": true
  },
  "ars_nouveau:recipes/misc/ritual_wilden_summon": {
    "criteria": {
      "has_journal": "2024-10-25 23:52:55 +0000"
    },
    "done": true
  },
  "aquaculture:recipes/misc/neptunium_ingot_from_nuggets": {
    "criteria": {
      "has_items": "2024-10-25 23:52:54 +0000"
    },
    "done": true
  },
  "spartanweaponry:recipes/stone_halberd": {
    "criteria": {
      "has_cobblestone": "2024-10-25 23:56:53 +0000"
    },
    "done": true
  },
  "aether:recipes/combat/wooden_sword_repairing": {
    "criteria": {
      "has_wooden_sword": "2024-10-26 00:08:06 +0000"
    },
    "done": true
  },
  "minecraft:recipes/building_blocks/deepslate_tiles_from_cobbled_deepslate_stonecutting": {
    "criteria": {
      "has_cobbled_deepslate": "2024-10-26 00:16:24 +0000"
    },
    "done": true
  },
  "minecraft:recipes/tools/stone_hoe": {
    "criteria": {
      "has_cobblestone": "2024-10-25 23:56:53 +0000"
    },
    "done": true
  },
  "aquaculture:recipes/misc/iron_nugget_from_blasting": {
    "criteria": {
      "has_fishing_rod": "2024-10-25 23:52:54 +0000",
      "has_fillet_knife": "2024-10-25 23:52:54 +0000"
    },
    "done": true
  },
  "ars_nouveau:recipes/misc/mirrorweave": {
    "criteria": {
      "has_journal": "2024-10-25 23:52:55 +0000"
    },
    "done": true
  },
  "ars_nouveau:recipes/misc/magebloom_to_pink": {
    "criteria": {
      "has_journal": "2024-10-25 23:52:55 +0000"
    },
    "done": true
  },
  "enigmaticlegacy:recipes/generic/the_twist": {
    "criteria": {
      "has_parent_recipe": "2024-10-25 23:52:54 +0000"
    },
    "done": false
  },
  "doggytalents:recipes/building_blocks/dog_bed_def": {
    "criteria": {
      "has_wool": "2024-10-26 00:00:18 +0000"
    },
    "done": true
  },
  "minecraft:recipes/decorations/loom": {
    "criteria": {
      "has_string": "2024-10-26 00:13:11 +0000"
    },
    "done": true
  },
  "ars_nouveau:recipes/building_blocks/smooth_sourcestone_alternating_stone_cutterslab": {
    "criteria": {
      "has_journal": "2024-10-25 23:52:55 +0000"
    },
    "done": true
  },
  "minecraft:story/root": {
    "criteria": {
      "crafting_table": "2024-10-25 23:55:22 +0000"
    },
    "done": true
  },
  "create:recipes/building_blocks/crafting/kinetics/yellow_seat": {
    "criteria": {
      "has_wool": "2024-10-26 00:00:18 +0000"
    },
    "done": true
  },
  "ars_nouveau:recipes/misc/agronomic_sourcelink": {
    "criteria": {
      "has_journal": "2024-10-25 23:52:55 +0000"
    },
    "done": true
  },
  "doggytalents:recipes/decorations/beastars_uniform_female": {
    "criteria": {
      "has_wool": "2024-10-26 00:00:18 +0000"
    },
    "done": true
  },
  "ars_nouveau:recipes/building_blocks/sourcestone_mosaic_stone_cutterslab": {
    "criteria": {
      "has_journal": "2024-10-25 23:52:55 +0000"
    },
    "done": true
  },
  "aquaculture:recipes/decorations/jungle_fish_mount": {
    "criteria": {
      "has_items": "2024-10-25 23:52:54 +0000"
    },
    "done": true
  },
  "ars_nouveau:recipes/misc/smooth_gilded_sourcestone_mosaic_to_sourcestone": {
    "criteria": {
      "has_journal": "2024-10-25 23:52:55 +0000"
    },
    "done": true
  },
  "DataVersion": 3465
}